{"@type":"Flow","@id":"01a29255-fdef-3cd9-93ed-6a6dec7c772a","name":"Azinphos-ethyl","description":"From FedElemFlowList_1.0.3. Flow Class: Chemicals. Not a preferred flow.","category":"Elementary Flows/emission/water/saline water body/ocean","version":"01.00.003","lastChange":"2020-05-01T22:03:34.527Z","flowType":"ELEMENTARY_FLOW","cas":"2642-71-9","formula":"C12H16N3O3PS2","isInfrastructureFlow":false,"flowProperties":[{"@type":"FlowPropertyFactor","isRefFlowProperty":true,"flowProperty":{"@type":"FlowProperty","@id":"93a60a56-a3c8-11da-a746-0800200b9a66","name":"Mass","category":"Technical flow properties","refUnit":"kg"},"conversionFactor":1.0}]}