{"@type":"Flow","@id":"0ba0952f-d535-3972-bf83-b090ffb98463","name":"Di-n-octyl phthalate","description":"From FedElemFlowList_1.0.3. Flow Class: Chemicals. Preferred flow.","category":"Elementary Flows/emission/ground/terrestrial/forest","version":"01.00.003","lastChange":"2020-05-01T22:03:25.612Z","flowType":"ELEMENTARY_FLOW","cas":"117-84-0","formula":"C24H38O4","isInfrastructureFlow":false,"flowProperties":[{"@type":"FlowPropertyFactor","isRefFlowProperty":true,"flowProperty":{"@type":"FlowProperty","@id":"93a60a56-a3c8-11da-a746-0800200b9a66","name":"Mass","category":"Technical flow properties","refUnit":"kg"},"conversionFactor":1.0}]}