{"@type":"Flow","@id":"0f66c76c-a738-34d2-9f22-c9b815fe429a","name":"Methomyl","description":"From FedElemFlowList_1.0.3. Flow Class: Chemicals. Not a preferred flow.","category":"Elementary Flows/emission/water/fresh water body","version":"01.00.003","lastChange":"2020-05-01T22:03:34.011Z","flowType":"ELEMENTARY_FLOW","cas":"16752-77-5","formula":"C5H10N2O2S","isInfrastructureFlow":false,"flowProperties":[{"@type":"FlowPropertyFactor","isRefFlowProperty":true,"flowProperty":{"@type":"FlowProperty","@id":"93a60a56-a3c8-11da-a746-0800200b9a66","name":"Mass","category":"Technical flow properties","refUnit":"kg"},"conversionFactor":1.0}]}