{"@type":"Flow","@id":"12af2b14-1c55-33de-80ba-a6d8fbc2d489","name":"Chlorothalonil","description":"From FedElemFlowList_1.0.3. Flow Class: Chemicals. Not a preferred flow.","category":"Elementary Flows/emission/water/fresh water body","version":"01.00.003","lastChange":"2020-05-01T22:03:34.126Z","flowType":"ELEMENTARY_FLOW","cas":"1897-45-6","formula":"C8Cl4N2","isInfrastructureFlow":false,"flowProperties":[{"@type":"FlowPropertyFactor","isRefFlowProperty":true,"flowProperty":{"@type":"FlowProperty","@id":"93a60a56-a3c8-11da-a746-0800200b9a66","name":"Mass","category":"Technical flow properties","refUnit":"kg"},"conversionFactor":1.0}]}