{"@type":"Flow","@id":"17ce5fc2-2228-3eea-8624-9f928eb588b3","name":"Indeno[1,2,3-cd]pyrene","description":"From FedElemFlowList_1.0.3. Flow Class: Chemicals. Not a preferred flow.","category":"Elementary Flows/emission/air/stratosphere","version":"01.00.003","lastChange":"2020-05-01T22:03:21.591Z","flowType":"ELEMENTARY_FLOW","cas":"193-39-5","formula":"C22H12","isInfrastructureFlow":false,"flowProperties":[{"@type":"FlowPropertyFactor","isRefFlowProperty":true,"flowProperty":{"@type":"FlowProperty","@id":"93a60a56-a3c8-11da-a746-0800200b9a66","name":"Mass","category":"Technical flow properties","refUnit":"kg"},"conversionFactor":1.0}]}