{"@type":"Flow","@id":"1f106fdf-2d37-3913-9162-c276e4afa8e6","name":"Captan","description":"From FedElemFlowList_1.0.3. Flow Class: Chemicals. Preferred flow.","category":"Elementary Flows/emission/ground/terrestrial/forest","version":"01.00.003","lastChange":"2020-05-01T22:03:25.991Z","flowType":"ELEMENTARY_FLOW","cas":"133-06-2","formula":"C9H8Cl3NO2S","isInfrastructureFlow":false,"flowProperties":[{"@type":"FlowPropertyFactor","isRefFlowProperty":true,"flowProperty":{"@type":"FlowProperty","@id":"93a60a56-a3c8-11da-a746-0800200b9a66","name":"Mass","category":"Technical flow properties","refUnit":"kg"},"conversionFactor":1.0}]}