{"@type":"Flow","@id":"20d29f58-853a-32d2-83b2-1aec8c85205d","name":"Copper","description":"From FedElemFlowList_1.0.3. Flow Class: Chemicals. Not a preferred flow.","category":"Elementary Flows/emission/air/troposphere/urban","version":"01.00.003","lastChange":"2020-05-01T22:03:19.814Z","flowType":"ELEMENTARY_FLOW","cas":"7440-50-8","formula":"Cu","isInfrastructureFlow":false,"flowProperties":[{"@type":"FlowPropertyFactor","isRefFlowProperty":true,"flowProperty":{"@type":"FlowProperty","@id":"93a60a56-a3c8-11da-a746-0800200b9a66","name":"Mass","category":"Technical flow properties","refUnit":"kg"},"conversionFactor":1.0}]}