{"@type":"Flow","@id":"25854029-64d9-31e7-b0b8-9bfac28c13b3","name":"2,3,4,6-Tetrachlorophenol","description":"From FedElemFlowList_1.0.3. Flow Class: Chemicals. Not a preferred flow.","category":"Elementary Flows/emission/water/fresh water body/river","version":"01.00.003","lastChange":"2020-05-01T22:03:35.572Z","flowType":"ELEMENTARY_FLOW","cas":"58-90-2","formula":"C6H2Cl4O","isInfrastructureFlow":false,"flowProperties":[{"@type":"FlowPropertyFactor","isRefFlowProperty":true,"flowProperty":{"@type":"FlowProperty","@id":"93a60a56-a3c8-11da-a746-0800200b9a66","name":"Mass","category":"Technical flow properties","refUnit":"kg"},"conversionFactor":1.0}]}