{"@type":"Flow","@id":"28b17db1-65c5-3714-a922-4dd97036bb7b","name":"o-Dichlorobenzene","description":"From FedElemFlowList_1.0.3. Flow Class: Chemicals. Not a preferred flow.","category":"Elementary Flows/emission/air","version":"01.00.003","lastChange":"2020-05-01T22:03:21.176Z","flowType":"ELEMENTARY_FLOW","cas":"95-50-1","formula":"C6H4Cl2","isInfrastructureFlow":false,"flowProperties":[{"@type":"FlowPropertyFactor","isRefFlowProperty":true,"flowProperty":{"@type":"FlowProperty","@id":"93a60a56-a3c8-11da-a746-0800200b9a66","name":"Mass","category":"Technical flow properties","refUnit":"kg"},"conversionFactor":1.0}]}