{"@type":"Flow","@id":"28c9ccc6-ac0f-3afe-b6ff-fac136856084","name":"Ethylene","description":"From FedElemFlowList_1.0.3. Flow Class: Chemicals. Not a preferred flow.","category":"Elementary Flows/emission/water/subterranean","version":"01.00.003","lastChange":"2020-05-01T22:03:36.501Z","flowType":"ELEMENTARY_FLOW","cas":"74-85-1","formula":"C2H4","isInfrastructureFlow":false,"flowProperties":[{"@type":"FlowPropertyFactor","isRefFlowProperty":true,"flowProperty":{"@type":"FlowProperty","@id":"93a60a56-a3c8-11da-a746-0800200b9a66","name":"Mass","category":"Technical flow properties","refUnit":"kg"},"conversionFactor":1.0}]}