{"@type":"Flow","@id":"2d141b6a-62cf-3e6f-b9f8-e2f8e27c1344","name":"Bentazon","description":"From FedElemFlowList_1.0.3. Flow Class: Chemicals. Preferred flow.","category":"Elementary Flows/emission/air/indoor","version":"01.00.003","lastChange":"2020-05-01T22:03:16.482Z","flowType":"ELEMENTARY_FLOW","cas":"25057-89-0","formula":"C10H12N2O3S","isInfrastructureFlow":false,"flowProperties":[{"@type":"FlowPropertyFactor","isRefFlowProperty":true,"flowProperty":{"@type":"FlowProperty","@id":"93a60a56-a3c8-11da-a746-0800200b9a66","name":"Mass","category":"Technical flow properties","refUnit":"kg"},"conversionFactor":1.0}]}