{"@type":"Flow","@id":"2d580d2b-9ba9-306a-b94b-2fe73278a601","name":"Oxydemeton-methyl","description":"From FedElemFlowList_1.0.3. Flow Class: Chemicals. Preferred flow.","category":"Elementary Flows/emission/air/indoor","version":"01.00.003","lastChange":"2020-05-01T22:03:16.876Z","flowType":"ELEMENTARY_FLOW","cas":"301-12-2","formula":"C6H15O4PS2","isInfrastructureFlow":false,"flowProperties":[{"@type":"FlowPropertyFactor","isRefFlowProperty":true,"flowProperty":{"@type":"FlowProperty","@id":"93a60a56-a3c8-11da-a746-0800200b9a66","name":"Mass","category":"Technical flow properties","refUnit":"kg"},"conversionFactor":1.0}]}