{"@type":"Flow","@id":"36b4f85a-ceb9-3347-8f19-d6b117c1ce47","name":"Disulfoton","description":"From FedElemFlowList_1.0.3. Flow Class: Chemicals. Not a preferred flow.","category":"Elementary Flows/emission/water/saline water body/ocean","version":"01.00.003","lastChange":"2020-05-01T22:03:34.659Z","flowType":"ELEMENTARY_FLOW","cas":"298-04-4","formula":"C8H19O2PS3","isInfrastructureFlow":false,"flowProperties":[{"@type":"FlowPropertyFactor","isRefFlowProperty":true,"flowProperty":{"@type":"FlowProperty","@id":"93a60a56-a3c8-11da-a746-0800200b9a66","name":"Mass","category":"Technical flow properties","refUnit":"kg"},"conversionFactor":1.0}]}