{"@type":"Flow","@id":"378f29e0-5eee-34dc-bda0-36fa2372aca8","name":"Antimony","description":"From FedElemFlowList_1.0.3. Flow Class: Chemicals. Not a preferred flow.","category":"Elementary Flows/emission/ground/human-dominated/agricultural","version":"01.00.003","lastChange":"2020-05-01T22:03:28.958Z","flowType":"ELEMENTARY_FLOW","cas":"7440-36-0","formula":"Sb","isInfrastructureFlow":false,"flowProperties":[{"@type":"FlowPropertyFactor","isRefFlowProperty":true,"flowProperty":{"@type":"FlowProperty","@id":"93a60a56-a3c8-11da-a746-0800200b9a66","name":"Mass","category":"Technical flow properties","refUnit":"kg"},"conversionFactor":1.0}]}