{"@type":"Flow","@id":"3df4c2f4-c854-4493-b514-f2f3accdc307","name":"Naphthalene","description":"","category":"Elementary Flows/Emission to air/unspecified","version":"00.00.001","lastChange":"2020-05-06T14:59:01.354Z","flowType":"ELEMENTARY_FLOW","cas":"000091-20-3","isInfrastructureFlow":false,"flowProperties":[{"@type":"FlowPropertyFactor","isRefFlowProperty":true,"flowProperty":{"@type":"FlowProperty","@id":"93a60a56-a3c8-11da-a746-0800200b9a66","name":"Mass","category":"Technical flow properties","refUnit":"kg"},"conversionFactor":1.0}]}