{"@type":"Flow","@id":"3f607209-10b5-3d1b-b801-31ef3fc631e2","name":"1,2,3,4-Tetrachlorobenzene","description":"From FedElemFlowList_1.0.3. Flow Class: Chemicals. Not a preferred flow.","category":"Elementary Flows/emission/water/saline water body/ocean","version":"01.00.003","lastChange":"2020-05-01T22:03:36.029Z","flowType":"ELEMENTARY_FLOW","cas":"634-66-2","formula":"C6H2Cl4","isInfrastructureFlow":false,"flowProperties":[{"@type":"FlowPropertyFactor","isRefFlowProperty":true,"flowProperty":{"@type":"FlowProperty","@id":"93a60a56-a3c8-11da-a746-0800200b9a66","name":"Mass","category":"Technical flow properties","refUnit":"kg"},"conversionFactor":1.0}]}