{"@type":"Flow","@id":"3f6518de-068b-3ba4-87de-e66a74e1ea59","name":"Methylmercury(I)","description":"From FedElemFlowList_1.0.3. Flow Class: Chemicals. Not a preferred flow.","category":"Elementary Flows/emission/air/troposphere/rural","version":"01.00.003","lastChange":"2020-05-01T22:03:21.606Z","flowType":"ELEMENTARY_FLOW","cas":"22967-92-6","formula":"CH3Hg","isInfrastructureFlow":false,"flowProperties":[{"@type":"FlowPropertyFactor","isRefFlowProperty":true,"flowProperty":{"@type":"FlowProperty","@id":"93a60a56-a3c8-11da-a746-0800200b9a66","name":"Mass","category":"Technical flow properties","refUnit":"kg"},"conversionFactor":1.0}]}