{"@type":"Flow","@id":"42e56f65-9cf3-389b-be9c-c077082bac89","name":"3,4-Dichloroaniline","description":"From FedElemFlowList_1.0.3. Flow Class: Chemicals. Not a preferred flow.","category":"Elementary Flows/emission/air","version":"01.00.003","lastChange":"2020-05-01T22:03:21.221Z","flowType":"ELEMENTARY_FLOW","cas":"95-76-1","formula":"C6H5Cl2N","isInfrastructureFlow":false,"flowProperties":[{"@type":"FlowPropertyFactor","isRefFlowProperty":true,"flowProperty":{"@type":"FlowProperty","@id":"93a60a56-a3c8-11da-a746-0800200b9a66","name":"Mass","category":"Technical flow properties","refUnit":"kg"},"conversionFactor":1.0}]}