{"@type":"Flow","@id":"436b0a8c-fc31-3703-824a-f8690fa7d30e","name":"o-Chlorophenol","description":"From FedElemFlowList_1.0.3. Flow Class: Chemicals. Not a preferred flow.","category":"Elementary Flows/emission/water/saline water body/ocean","version":"01.00.003","lastChange":"2020-05-01T22:03:37.557Z","flowType":"ELEMENTARY_FLOW","cas":"95-57-8","formula":"C6H5ClO","isInfrastructureFlow":false,"flowProperties":[{"@type":"FlowPropertyFactor","isRefFlowProperty":true,"flowProperty":{"@type":"FlowProperty","@id":"93a60a56-a3c8-11da-a746-0800200b9a66","name":"Mass","category":"Technical flow properties","refUnit":"kg"},"conversionFactor":1.0}]}