{"@type":"Flow","@id":"4c974111-53a1-3c2d-982b-6af646a31b78","name":"Chlorobenzene","description":"From FedElemFlowList_1.0.3. Flow Class: Chemicals. Not a preferred flow.","category":"Elementary Flows/emission/water/saline water body/ocean","version":"01.00.003","lastChange":"2020-05-01T22:03:32.689Z","flowType":"ELEMENTARY_FLOW","cas":"108-90-7","formula":"C6H5Cl","isInfrastructureFlow":false,"flowProperties":[{"@type":"FlowPropertyFactor","isRefFlowProperty":true,"flowProperty":{"@type":"FlowProperty","@id":"93a60a56-a3c8-11da-a746-0800200b9a66","name":"Mass","category":"Technical flow properties","refUnit":"kg"},"conversionFactor":1.0}]}