{"@type":"Flow","@id":"4e0e7f8f-2c9c-39c6-8786-30c6f7e88b4b","name":"Endosulfan","description":"From FedElemFlowList_1.0.3. Flow Class: Chemicals. Not a preferred flow.","category":"Elementary Flows/emission/water/fresh water body/lake","version":"01.00.003","lastChange":"2020-05-01T22:03:33.124Z","flowType":"ELEMENTARY_FLOW","cas":"115-29-7","formula":"C9H6Cl6O3S","isInfrastructureFlow":false,"flowProperties":[{"@type":"FlowPropertyFactor","isRefFlowProperty":true,"flowProperty":{"@type":"FlowProperty","@id":"93a60a56-a3c8-11da-a746-0800200b9a66","name":"Mass","category":"Technical flow properties","refUnit":"kg"},"conversionFactor":1.0}]}