{"@type":"Flow","@id":"4e4f5897-255d-3c10-97aa-ed9bcce888d3","name":"Propylene glycol 1-methyl ether","description":"From FedElemFlowList_1.0.3. Flow Class: Chemicals. Not a preferred flow.","category":"Elementary Flows/emission/air","version":"01.00.003","lastChange":"2020-05-01T22:03:13.882Z","flowType":"ELEMENTARY_FLOW","cas":"107-98-2","formula":"C4H10O2","isInfrastructureFlow":false,"flowProperties":[{"@type":"FlowPropertyFactor","isRefFlowProperty":true,"flowProperty":{"@type":"FlowProperty","@id":"93a60a56-a3c8-11da-a746-0800200b9a66","name":"Mass","category":"Technical flow properties","refUnit":"kg"},"conversionFactor":1.0}]}