{"@type":"Flow","@id":"4fb0d3b7-01d7-3269-a8ed-f6cea092adf1","name":"Propachlor","description":"From FedElemFlowList_1.0.3. Flow Class: Chemicals. Not a preferred flow.","category":"Elementary Flows/emission/air/stratosphere","version":"01.00.003","lastChange":"2020-05-01T22:03:15.994Z","flowType":"ELEMENTARY_FLOW","cas":"1918-16-7","formula":"C11H14ClNO","isInfrastructureFlow":false,"flowProperties":[{"@type":"FlowPropertyFactor","isRefFlowProperty":true,"flowProperty":{"@type":"FlowProperty","@id":"93a60a56-a3c8-11da-a746-0800200b9a66","name":"Mass","category":"Technical flow properties","refUnit":"kg"},"conversionFactor":1.0}]}