{"@type":"Flow","@id":"507c4ab6-c98f-3b4a-b8c8-d838d4cbcec8","name":"Diethylene glycol monobutyl ether","description":"From FedElemFlowList_1.0.3. Flow Class: Chemicals. Not a preferred flow.","category":"Elementary Flows/emission/air","version":"01.00.003","lastChange":"2020-05-01T22:03:14.771Z","flowType":"ELEMENTARY_FLOW","cas":"112-34-5","formula":"C8H18O3","isInfrastructureFlow":false,"flowProperties":[{"@type":"FlowPropertyFactor","isRefFlowProperty":true,"flowProperty":{"@type":"FlowProperty","@id":"93a60a56-a3c8-11da-a746-0800200b9a66","name":"Mass","category":"Technical flow properties","refUnit":"kg"},"conversionFactor":1.0}]}