{"@type":"Flow","@id":"534bc4f3-ce4e-3ffc-8f52-f19b03659b78","name":"Aldicarb","description":"From FedElemFlowList_1.0.3. Flow Class: Chemicals. Not a preferred flow.","category":"Elementary Flows/emission/water/subterranean","version":"01.00.003","lastChange":"2020-05-01T22:03:33.144Z","flowType":"ELEMENTARY_FLOW","cas":"116-06-3","formula":"C7H14N2O2S","isInfrastructureFlow":false,"flowProperties":[{"@type":"FlowPropertyFactor","isRefFlowProperty":true,"flowProperty":{"@type":"FlowProperty","@id":"93a60a56-a3c8-11da-a746-0800200b9a66","name":"Mass","category":"Technical flow properties","refUnit":"kg"},"conversionFactor":1.0}]}