{"@type":"Flow","@id":"5841207a-4c8c-3d5c-a206-4682edca684f","name":"Methyl parathion","description":"From FedElemFlowList_1.0.3. Flow Class: Chemicals. Not a preferred flow.","category":"Elementary Flows/emission/air/stratosphere","version":"01.00.003","lastChange":"2020-05-01T22:03:16.829Z","flowType":"ELEMENTARY_FLOW","cas":"298-00-0","formula":"C8H10NO5PS","isInfrastructureFlow":false,"flowProperties":[{"@type":"FlowPropertyFactor","isRefFlowProperty":true,"flowProperty":{"@type":"FlowProperty","@id":"93a60a56-a3c8-11da-a746-0800200b9a66","name":"Mass","category":"Technical flow properties","refUnit":"kg"},"conversionFactor":1.0}]}