{"@type":"Flow","@id":"5b8c24ba-f63b-3c07-9241-2252fe39c367","name":"Chrysene","description":"From FedElemFlowList_1.0.3. Flow Class: Chemicals. Not a preferred flow.","category":"Elementary Flows/emission/air/troposphere/urban","version":"01.00.003","lastChange":"2020-05-01T22:03:21.606Z","flowType":"ELEMENTARY_FLOW","cas":"218-01-9","formula":"C18H12","isInfrastructureFlow":false,"flowProperties":[{"@type":"FlowPropertyFactor","isRefFlowProperty":true,"flowProperty":{"@type":"FlowProperty","@id":"93a60a56-a3c8-11da-a746-0800200b9a66","name":"Mass","category":"Technical flow properties","refUnit":"kg"},"conversionFactor":1.0}]}