{"@type":"Flow","@id":"5c225da7-22b5-3045-9335-1f20533e4789","name":"Methabenzthiazuron","description":"From FedElemFlowList_1.0.3. Flow Class: Chemicals. Not a preferred flow.","category":"Elementary Flows/emission/water/fresh water body","version":"01.00.003","lastChange":"2020-05-01T22:03:34.111Z","flowType":"ELEMENTARY_FLOW","cas":"18691-97-9","formula":"C10H11N3OS","isInfrastructureFlow":false,"flowProperties":[{"@type":"FlowPropertyFactor","isRefFlowProperty":true,"flowProperty":{"@type":"FlowProperty","@id":"93a60a56-a3c8-11da-a746-0800200b9a66","name":"Mass","category":"Technical flow properties","refUnit":"kg"},"conversionFactor":1.0}]}