{"@type":"Flow","@id":"5c53bac7-36ee-394e-bb85-8ffe2484faf7","name":"Dibutyl phthalate","description":"From FedElemFlowList_1.0.3. Flow Class: Chemicals. Not a preferred flow.","category":"Elementary Flows/emission/water/fresh water body/river","version":"01.00.003","lastChange":"2020-05-01T22:03:37.132Z","flowType":"ELEMENTARY_FLOW","cas":"84-74-2","formula":"C16H22O4","isInfrastructureFlow":false,"flowProperties":[{"@type":"FlowPropertyFactor","isRefFlowProperty":true,"flowProperty":{"@type":"FlowProperty","@id":"93a60a56-a3c8-11da-a746-0800200b9a66","name":"Mass","category":"Technical flow properties","refUnit":"kg"},"conversionFactor":1.0}]}