{"@type":"Flow","@id":"61a380bd-45b3-34b9-84e3-a8d9803f1c4b","name":"Thiobencarb","description":"From FedElemFlowList_1.0.3. Flow Class: Chemicals. Not a preferred flow.","category":"Elementary Flows/emission/air","version":"01.00.003","lastChange":"2020-05-01T22:03:16.717Z","flowType":"ELEMENTARY_FLOW","cas":"28249-77-6","formula":"C12H16ClNOS","isInfrastructureFlow":false,"flowProperties":[{"@type":"FlowPropertyFactor","isRefFlowProperty":true,"flowProperty":{"@type":"FlowProperty","@id":"93a60a56-a3c8-11da-a746-0800200b9a66","name":"Mass","category":"Technical flow properties","refUnit":"kg"},"conversionFactor":1.0}]}