{"@type":"Flow","@id":"65911547-6811-317a-a7d5-0a6fa651775c","name":"Diuron","description":"From FedElemFlowList_1.0.3. Flow Class: Chemicals. Preferred flow.","category":"Elementary Flows/emission/ground/terrestrial/forest","version":"01.00.003","lastChange":"2020-05-01T22:03:27.290Z","flowType":"ELEMENTARY_FLOW","cas":"330-54-1","formula":"C9H10Cl2N2O","isInfrastructureFlow":false,"flowProperties":[{"@type":"FlowPropertyFactor","isRefFlowProperty":true,"flowProperty":{"@type":"FlowProperty","@id":"93a60a56-a3c8-11da-a746-0800200b9a66","name":"Mass","category":"Technical flow properties","refUnit":"kg"},"conversionFactor":1.0}]}