{"@type":"Flow","@id":"66f3fcab-7bb9-34fe-a4c0-f261558622d8","name":"2,4-Dichlorophenol","description":"From FedElemFlowList_1.0.3. Flow Class: Chemicals. Not a preferred flow.","category":"Elementary Flows/emission/air/troposphere/rural","version":"01.00.003","lastChange":"2020-05-01T22:03:15.036Z","flowType":"ELEMENTARY_FLOW","cas":"120-83-2","formula":"C6H4Cl2O","isInfrastructureFlow":false,"flowProperties":[{"@type":"FlowPropertyFactor","isRefFlowProperty":true,"flowProperty":{"@type":"FlowProperty","@id":"93a60a56-a3c8-11da-a746-0800200b9a66","name":"Mass","category":"Technical flow properties","refUnit":"kg"},"conversionFactor":1.0}]}