{"@type":"Flow","@id":"6beff009-14f8-38c9-8b64-1757237156e8","name":"1-Methoxy-2-propyl acetate","description":"From FedElemFlowList_1.0.3. Flow Class: Chemicals. Not a preferred flow.","category":"Elementary Flows/emission/air","version":"01.00.003","lastChange":"2020-05-01T22:03:21.846Z","flowType":"ELEMENTARY_FLOW","cas":"108-65-6","formula":"C6H12O3","isInfrastructureFlow":false,"flowProperties":[{"@type":"FlowPropertyFactor","isRefFlowProperty":true,"flowProperty":{"@type":"FlowProperty","@id":"93a60a56-a3c8-11da-a746-0800200b9a66","name":"Mass","category":"Technical flow properties","refUnit":"kg"},"conversionFactor":1.0}]}