{"@type":"Flow","@id":"6e10978a-56f4-3fe5-bcf8-c7b5b491a0a7","name":"Chlorfenvinphos","description":"From FedElemFlowList_1.0.3. Flow Class: Chemicals. Not a preferred flow.","category":"Elementary Flows/emission/air/stratosphere","version":"01.00.003","lastChange":"2020-05-01T22:03:17.644Z","flowType":"ELEMENTARY_FLOW","cas":"470-90-6","formula":"C12H14Cl3O4P","isInfrastructureFlow":false,"flowProperties":[{"@type":"FlowPropertyFactor","isRefFlowProperty":true,"flowProperty":{"@type":"FlowProperty","@id":"93a60a56-a3c8-11da-a746-0800200b9a66","name":"Mass","category":"Technical flow properties","refUnit":"kg"},"conversionFactor":1.0}]}