{"@type":"Flow","@id":"6ef6ea0e-740c-38f4-9dbe-9a865ef81c83","name":"Phenol","description":"From FedElemFlowList_1.0.3. Flow Class: Chemicals. Not a preferred flow.","category":"Elementary Flows/emission/air/troposphere/rural","version":"01.00.003","lastChange":"2020-05-01T22:03:13.993Z","flowType":"ELEMENTARY_FLOW","cas":"108-95-2","formula":"C6H6O","isInfrastructureFlow":false,"flowProperties":[{"@type":"FlowPropertyFactor","isRefFlowProperty":true,"flowProperty":{"@type":"FlowProperty","@id":"93a60a56-a3c8-11da-a746-0800200b9a66","name":"Mass","category":"Technical flow properties","refUnit":"kg"},"conversionFactor":1.0}]}