{"@type":"Flow","@id":"6f861846-1c4c-3fc9-a198-56b2d9abd83b","name":"Volatile organic compounds","description":"From FedElemFlowList_1.0.3. Flow Class: Groups. Not a preferred flow.","category":"Elementary Flows/emission/air","version":"01.00.003","lastChange":"2020-05-01T22:03:39.472Z","flowType":"ELEMENTARY_FLOW","cas":"n.a.","isInfrastructureFlow":false,"flowProperties":[{"@type":"FlowPropertyFactor","isRefFlowProperty":true,"flowProperty":{"@type":"FlowProperty","@id":"93a60a56-a3c8-11da-a746-0800200b9a66","name":"Mass","category":"Technical flow properties","refUnit":"kg"},"conversionFactor":1.0}]}