{"@type":"Flow","@id":"700b33a2-67aa-3ca8-870d-76dd4c747fa6","name":"Parathion","description":"From FedElemFlowList_1.0.3. Flow Class: Chemicals. Not a preferred flow.","category":"Elementary Flows/emission/ground/human-dominated/industrial","version":"01.00.003","lastChange":"2020-05-01T22:03:27.948Z","flowType":"ELEMENTARY_FLOW","cas":"56-38-2","formula":"C10H14NO5PS","isInfrastructureFlow":false,"flowProperties":[{"@type":"FlowPropertyFactor","isRefFlowProperty":true,"flowProperty":{"@type":"FlowProperty","@id":"93a60a56-a3c8-11da-a746-0800200b9a66","name":"Mass","category":"Technical flow properties","refUnit":"kg"},"conversionFactor":1.0}]}