{"@type":"Flow","@id":"756a3fe9-f5a8-3c5d-b944-ebed849d4f88","name":"1,2,4,5-Tetrachlorobenzene","description":"From FedElemFlowList_1.0.3. Flow Class: Chemicals. Not a preferred flow.","category":"Elementary Flows/emission/water/subterranean","version":"01.00.003","lastChange":"2020-05-01T22:03:37.607Z","flowType":"ELEMENTARY_FLOW","cas":"95-94-3","formula":"C6H2Cl4","isInfrastructureFlow":false,"flowProperties":[{"@type":"FlowPropertyFactor","isRefFlowProperty":true,"flowProperty":{"@type":"FlowProperty","@id":"93a60a56-a3c8-11da-a746-0800200b9a66","name":"Mass","category":"Technical flow properties","refUnit":"kg"},"conversionFactor":1.0}]}