{"@type":"Flow","@id":"77bfc420-2ed5-3b0f-8b8d-8c53fe91d79b","name":"Phenanthrene","description":"From FedElemFlowList_1.0.3. Flow Class: Chemicals. Not a preferred flow.","category":"Elementary Flows/emission/air/stratosphere","version":"01.00.003","lastChange":"2020-05-01T22:03:20.623Z","flowType":"ELEMENTARY_FLOW","cas":"85-01-8","formula":"C14H10","isInfrastructureFlow":false,"flowProperties":[{"@type":"FlowPropertyFactor","isRefFlowProperty":true,"flowProperty":{"@type":"FlowProperty","@id":"93a60a56-a3c8-11da-a746-0800200b9a66","name":"Mass","category":"Technical flow properties","refUnit":"kg"},"conversionFactor":1.0}]}