{"@type":"Flow","@id":"7b2eee92-025c-3837-a5fd-74a065514f01","name":"Naphthalene","description":"From FedElemFlowList_1.0.3. Flow Class: Chemicals. Not a preferred flow.","category":"Elementary Flows/emission/water/fresh water body/lake","version":"01.00.003","lastChange":"2020-05-01T22:03:37.377Z","flowType":"ELEMENTARY_FLOW","cas":"91-20-3","formula":"C10H8","isInfrastructureFlow":false,"flowProperties":[{"@type":"FlowPropertyFactor","isRefFlowProperty":true,"flowProperty":{"@type":"FlowProperty","@id":"93a60a56-a3c8-11da-a746-0800200b9a66","name":"Mass","category":"Technical flow properties","refUnit":"kg"},"conversionFactor":1.0}]}