{"@type":"Flow","@id":"80730e36-4958-3af0-a88c-431f006b2651","name":"1,3-Butadiene","description":"From FedElemFlowList_1.0.3. Flow Class: Chemicals. Preferred flow.","category":"Elementary Flows/emission/ground/terrestrial/forest","version":"01.00.003","lastChange":"2020-05-01T22:03:24.854Z","flowType":"ELEMENTARY_FLOW","cas":"106-99-0","formula":"C4H6","isInfrastructureFlow":false,"flowProperties":[{"@type":"FlowPropertyFactor","isRefFlowProperty":true,"flowProperty":{"@type":"FlowProperty","@id":"93a60a56-a3c8-11da-a746-0800200b9a66","name":"Mass","category":"Technical flow properties","refUnit":"kg"},"conversionFactor":1.0}]}