{"@type":"Flow","@id":"8213ca24-19b9-35d2-ad02-b98dee2ceca8","name":"Ethylene glycol monobutyl ether","description":"From FedElemFlowList_1.0.3. Flow Class: Chemicals. Not a preferred flow.","category":"Elementary Flows/emission/air","version":"01.00.003","lastChange":"2020-05-01T22:03:14.650Z","flowType":"ELEMENTARY_FLOW","cas":"111-76-2","formula":"C6H14O2","isInfrastructureFlow":false,"flowProperties":[{"@type":"FlowPropertyFactor","isRefFlowProperty":true,"flowProperty":{"@type":"FlowProperty","@id":"93a60a56-a3c8-11da-a746-0800200b9a66","name":"Mass","category":"Technical flow properties","refUnit":"kg"},"conversionFactor":1.0}]}