{"@type":"Flow","@id":"895fa803-ad56-4b1d-a37b-23a9135ce26a","name":"Phenanthrene","description":"","category":"Elementary Flows/Emission to air/unspecified","version":"00.00.001","lastChange":"2020-05-06T14:59:01.746Z","flowType":"ELEMENTARY_FLOW","cas":"000085-01-8","isInfrastructureFlow":false,"flowProperties":[{"@type":"FlowPropertyFactor","isRefFlowProperty":true,"flowProperty":{"@type":"FlowProperty","@id":"93a60a56-a3c8-11da-a746-0800200b9a66","name":"Mass","category":"Technical flow properties","refUnit":"kg"},"conversionFactor":1.0}]}