{"@type":"Flow","@id":"8b455d94-8a5e-3215-9551-5ad02fed9903","name":"Ethylene glycol monophenyl ether","description":"From FedElemFlowList_1.0.3. Flow Class: Chemicals. Not a preferred flow.","category":"Elementary Flows/emission/air","version":"01.00.003","lastChange":"2020-05-01T22:03:15.149Z","flowType":"ELEMENTARY_FLOW","cas":"122-99-6","formula":"C8H10O2","isInfrastructureFlow":false,"flowProperties":[{"@type":"FlowPropertyFactor","isRefFlowProperty":true,"flowProperty":{"@type":"FlowProperty","@id":"93a60a56-a3c8-11da-a746-0800200b9a66","name":"Mass","category":"Technical flow properties","refUnit":"kg"},"conversionFactor":1.0}]}