{"@type":"Flow","@id":"8ee9c5ed-3618-39cc-ad9e-065d06e1e1f0","name":"Bifenthrin","description":"From FedElemFlowList_1.0.3. Flow Class: Chemicals. Not a preferred flow.","category":"Elementary Flows/emission/air/troposphere/urban","version":"01.00.003","lastChange":"2020-05-01T22:03:20.502Z","flowType":"ELEMENTARY_FLOW","cas":"82657-04-3","formula":"C23H22ClF3O2","isInfrastructureFlow":false,"flowProperties":[{"@type":"FlowPropertyFactor","isRefFlowProperty":true,"flowProperty":{"@type":"FlowProperty","@id":"93a60a56-a3c8-11da-a746-0800200b9a66","name":"Mass","category":"Technical flow properties","refUnit":"kg"},"conversionFactor":1.0}]}