{"@type":"Flow","@id":"90675216-59be-30b0-8859-d515f396dcaa","name":"Bifenthrin","description":"From FedElemFlowList_1.0.3. Flow Class: Chemicals. Preferred flow.","category":"Elementary Flows/emission/air/indoor","version":"01.00.003","lastChange":"2020-05-01T22:03:20.501Z","flowType":"ELEMENTARY_FLOW","cas":"82657-04-3","formula":"C23H22ClF3O2","isInfrastructureFlow":false,"flowProperties":[{"@type":"FlowPropertyFactor","isRefFlowProperty":true,"flowProperty":{"@type":"FlowProperty","@id":"93a60a56-a3c8-11da-a746-0800200b9a66","name":"Mass","category":"Technical flow properties","refUnit":"kg"},"conversionFactor":1.0}]}