{"@type":"Flow","@id":"927b067a-7537-36f6-bad0-ca7b576845fd","name":"Zinc","description":"From FedElemFlowList_1.0.3. Flow Class: Chemicals. Not a preferred flow.","category":"Elementary Flows/emission/ground","version":"01.00.003","lastChange":"2020-05-01T22:03:30.277Z","flowType":"ELEMENTARY_FLOW","cas":"7440-66-6","formula":"Zn","isInfrastructureFlow":false,"flowProperties":[{"@type":"FlowPropertyFactor","isRefFlowProperty":true,"flowProperty":{"@type":"FlowProperty","@id":"93a60a56-a3c8-11da-a746-0800200b9a66","name":"Mass","category":"Technical flow properties","refUnit":"kg"},"conversionFactor":1.0}]}