{"@type":"Flow","@id":"97579b43-89d0-3857-9911-d6dd6d28b024","name":"N-Methyl-2-pyrrolidone","description":"From FedElemFlowList_1.0.3. Flow Class: Chemicals. Not a preferred flow.","category":"Elementary Flows/emission/air","version":"01.00.003","lastChange":"2020-05-01T22:03:20.724Z","flowType":"ELEMENTARY_FLOW","cas":"872-50-4","formula":"C5H9NO","isInfrastructureFlow":false,"flowProperties":[{"@type":"FlowPropertyFactor","isRefFlowProperty":true,"flowProperty":{"@type":"FlowProperty","@id":"93a60a56-a3c8-11da-a746-0800200b9a66","name":"Mass","category":"Technical flow properties","refUnit":"kg"},"conversionFactor":1.0}]}