{"@type":"Flow","@id":"9780cc31-a674-3db4-a656-a11aff35430c","name":"Diethylene glycol monobutyl ether acetate","description":"From FedElemFlowList_1.0.3. Flow Class: Chemicals. Not a preferred flow.","category":"Elementary Flows/emission/air","version":"01.00.003","lastChange":"2020-05-01T22:03:21.536Z","flowType":"ELEMENTARY_FLOW","cas":"124-17-4","formula":"C10H20O4","isInfrastructureFlow":false,"flowProperties":[{"@type":"FlowPropertyFactor","isRefFlowProperty":true,"flowProperty":{"@type":"FlowProperty","@id":"93a60a56-a3c8-11da-a746-0800200b9a66","name":"Mass","category":"Technical flow properties","refUnit":"kg"},"conversionFactor":1.0}]}