{"@type":"Flow","@id":"99c5e585-34aa-31a6-afe9-d44a14b9e27f","name":"Dimethylamine","description":"From FedElemFlowList_1.0.3. Flow Class: Chemicals. Not a preferred flow.","category":"Elementary Flows/emission/air","version":"01.00.003","lastChange":"2020-05-01T22:03:15.207Z","flowType":"ELEMENTARY_FLOW","cas":"124-40-3","formula":"C2H7N","isInfrastructureFlow":false,"flowProperties":[{"@type":"FlowPropertyFactor","isRefFlowProperty":true,"flowProperty":{"@type":"FlowProperty","@id":"93a60a56-a3c8-11da-a746-0800200b9a66","name":"Mass","category":"Technical flow properties","refUnit":"kg"},"conversionFactor":1.0}]}