{"@type":"Flow","@id":"9b1f1a04-b0c9-3d2d-bcd5-16a8d619f61f","name":"Cyromazine","description":"From FedElemFlowList_1.0.3. Flow Class: Chemicals. Not a preferred flow.","category":"Elementary Flows/emission/water/fresh water body","version":"01.00.003","lastChange":"2020-05-01T22:03:36.119Z","flowType":"ELEMENTARY_FLOW","cas":"66215-27-8","formula":"C6H10N6","isInfrastructureFlow":false,"flowProperties":[{"@type":"FlowPropertyFactor","isRefFlowProperty":true,"flowProperty":{"@type":"FlowProperty","@id":"93a60a56-a3c8-11da-a746-0800200b9a66","name":"Mass","category":"Technical flow properties","refUnit":"kg"},"conversionFactor":1.0}]}