{"@type":"Flow","@id":"9bfd257d-85fb-3d54-aa05-45fd7a934581","name":"2,4,5-T","description":"From FedElemFlowList_1.0.3. Flow Class: Chemicals. Not a preferred flow.","category":"Elementary Flows/emission/air/troposphere/urban","version":"01.00.003","lastChange":"2020-05-01T22:03:21.091Z","flowType":"ELEMENTARY_FLOW","cas":"93-76-5","formula":"C8H5Cl3O3","isInfrastructureFlow":false,"flowProperties":[{"@type":"FlowPropertyFactor","isRefFlowProperty":true,"flowProperty":{"@type":"FlowProperty","@id":"93a60a56-a3c8-11da-a746-0800200b9a66","name":"Mass","category":"Technical flow properties","refUnit":"kg"},"conversionFactor":1.0}]}