{"@type":"Flow","@id":"9db863f5-a6d7-3d73-93b9-c8d482d2ffa9","name":"Zinc(II)","description":"From FedElemFlowList_1.0.3. Flow Class: Chemicals. Not a preferred flow.","category":"Elementary Flows/emission/water/fresh water body","version":"01.00.003","lastChange":"2020-05-01T22:03:34.342Z","flowType":"ELEMENTARY_FLOW","cas":"23713-49-7","formula":"[Zn++]","isInfrastructureFlow":false,"flowProperties":[{"@type":"FlowPropertyFactor","isRefFlowProperty":true,"flowProperty":{"@type":"FlowProperty","@id":"93a60a56-a3c8-11da-a746-0800200b9a66","name":"Mass","category":"Technical flow properties","refUnit":"kg"},"conversionFactor":1.0}]}