{"@type":"Flow","@id":"9dd60472-5a71-3ee4-a7e3-420c92febbfc","name":"1,2-Dichloroethane","description":"From FedElemFlowList_1.0.3. Flow Class: Chemicals. Not a preferred flow.","category":"Elementary Flows/emission/ground/human-dominated/agricultural","version":"01.00.003","lastChange":"2020-05-01T22:03:24.864Z","flowType":"ELEMENTARY_FLOW","cas":"107-06-2","formula":"C2H4Cl2","isInfrastructureFlow":false,"flowProperties":[{"@type":"FlowPropertyFactor","isRefFlowProperty":true,"flowProperty":{"@type":"FlowProperty","@id":"93a60a56-a3c8-11da-a746-0800200b9a66","name":"Mass","category":"Technical flow properties","refUnit":"kg"},"conversionFactor":1.0}]}