{"@type":"Flow","@id":"9f07f93d-cc0e-3a5c-af76-1d14291e6649","name":"Diethyl phthalate","description":"From FedElemFlowList_1.0.3. Flow Class: Chemicals. Not a preferred flow.","category":"Elementary Flows/emission/water/fresh water body/river","version":"01.00.003","lastChange":"2020-05-01T22:03:37.122Z","flowType":"ELEMENTARY_FLOW","cas":"84-66-2","formula":"C12H14O4","isInfrastructureFlow":false,"flowProperties":[{"@type":"FlowPropertyFactor","isRefFlowProperty":true,"flowProperty":{"@type":"FlowProperty","@id":"93a60a56-a3c8-11da-a746-0800200b9a66","name":"Mass","category":"Technical flow properties","refUnit":"kg"},"conversionFactor":1.0}]}