{"@type":"Flow","@id":"9f2173c3-8920-319e-8349-61d2179b4e34","name":"1,2,3-Trichlorobenzene","description":"From FedElemFlowList_1.0.3. Flow Class: Chemicals. Not a preferred flow.","category":"Elementary Flows/emission/ground/human-dominated/agricultural","version":"01.00.003","lastChange":"2020-05-01T22:03:29.606Z","flowType":"ELEMENTARY_FLOW","cas":"87-61-6","formula":"C6H3Cl3","isInfrastructureFlow":false,"flowProperties":[{"@type":"FlowPropertyFactor","isRefFlowProperty":true,"flowProperty":{"@type":"FlowProperty","@id":"93a60a56-a3c8-11da-a746-0800200b9a66","name":"Mass","category":"Technical flow properties","refUnit":"kg"},"conversionFactor":1.0}]}