{"@type":"Flow","@id":"a3610727-cb43-3958-8ffd-51a6201611ec","name":"Acrolein","description":"From FedElemFlowList_1.0.3. Flow Class: Chemicals. Preferred flow.","category":"Elementary Flows/emission/air/indoor","version":"01.00.003","lastChange":"2020-05-01T22:03:13.798Z","flowType":"ELEMENTARY_FLOW","cas":"107-02-8","formula":"C3H4O","isInfrastructureFlow":false,"flowProperties":[{"@type":"FlowPropertyFactor","isRefFlowProperty":true,"flowProperty":{"@type":"FlowProperty","@id":"93a60a56-a3c8-11da-a746-0800200b9a66","name":"Mass","category":"Technical flow properties","refUnit":"kg"},"conversionFactor":1.0}]}