{"@type":"Flow","@id":"a8ead97e-1f5f-3c0c-aa72-c7b25050864e","name":"Ethylene dibromide","description":"From FedElemFlowList_1.0.3. Flow Class: Chemicals. Not a preferred flow.","category":"Elementary Flows/emission/air","version":"01.00.003","lastChange":"2020-05-01T22:03:13.782Z","flowType":"ELEMENTARY_FLOW","cas":"106-93-4","formula":"C2H4Br2","isInfrastructureFlow":false,"flowProperties":[{"@type":"FlowPropertyFactor","isRefFlowProperty":true,"flowProperty":{"@type":"FlowProperty","@id":"93a60a56-a3c8-11da-a746-0800200b9a66","name":"Mass","category":"Technical flow properties","refUnit":"kg"},"conversionFactor":1.0}]}