{"@type":"Flow","@id":"b25847ee-b30b-3223-9f06-4d4c28156ab2","name":"Dimethyl phthalate","description":"From FedElemFlowList_1.0.3. Flow Class: Chemicals. Not a preferred flow.","category":"Elementary Flows/emission/ground/human-dominated/agricultural","version":"01.00.003","lastChange":"2020-05-01T22:03:25.928Z","flowType":"ELEMENTARY_FLOW","cas":"131-11-3","formula":"C10H10O4","isInfrastructureFlow":false,"flowProperties":[{"@type":"FlowPropertyFactor","isRefFlowProperty":true,"flowProperty":{"@type":"FlowProperty","@id":"93a60a56-a3c8-11da-a746-0800200b9a66","name":"Mass","category":"Technical flow properties","refUnit":"kg"},"conversionFactor":1.0}]}