{"@type":"Flow","@id":"b2f82321-4f69-3984-b33b-8c8363e113d7","name":"1,2-Butylene oxide","description":"From FedElemFlowList_1.0.3. Flow Class: Chemicals. Not a preferred flow.","category":"Elementary Flows/emission/air","version":"01.00.003","lastChange":"2020-05-01T22:03:13.782Z","flowType":"ELEMENTARY_FLOW","cas":"106-88-7","formula":"C4H8O","isInfrastructureFlow":false,"flowProperties":[{"@type":"FlowPropertyFactor","isRefFlowProperty":true,"flowProperty":{"@type":"FlowProperty","@id":"93a60a56-a3c8-11da-a746-0800200b9a66","name":"Mass","category":"Technical flow properties","refUnit":"kg"},"conversionFactor":1.0}]}