{"@type":"Flow","@id":"b4bfbec0-1503-3295-b133-cd796f3164f5","name":"Dichlorvos","description":"From FedElemFlowList_1.0.3. Flow Class: Chemicals. Not a preferred flow.","category":"Elementary Flows/emission/water/subterranean","version":"01.00.003","lastChange":"2020-05-01T22:03:35.949Z","flowType":"ELEMENTARY_FLOW","cas":"62-73-7","formula":"C4H7Cl2O4P","isInfrastructureFlow":false,"flowProperties":[{"@type":"FlowPropertyFactor","isRefFlowProperty":true,"flowProperty":{"@type":"FlowProperty","@id":"93a60a56-a3c8-11da-a746-0800200b9a66","name":"Mass","category":"Technical flow properties","refUnit":"kg"},"conversionFactor":1.0}]}