{"@type":"Flow","@id":"b865d889-c5be-318e-a7aa-92a3a8d3a3a0","name":"Mercury","description":"From FedElemFlowList_1.0.3. Flow Class: Chemicals. Not a preferred flow.","category":"Elementary Flows/emission/air/stratosphere","version":"01.00.003","lastChange":"2020-05-01T22:03:19.795Z","flowType":"ELEMENTARY_FLOW","cas":"7439-97-6","formula":"Hg","isInfrastructureFlow":false,"flowProperties":[{"@type":"FlowPropertyFactor","isRefFlowProperty":true,"flowProperty":{"@type":"FlowProperty","@id":"93a60a56-a3c8-11da-a746-0800200b9a66","name":"Mass","category":"Technical flow properties","refUnit":"kg"},"conversionFactor":1.0}]}