{"@type":"Flow","@id":"b9d5bd5f-d51e-3ba0-bd59-cd6654fe0aa5","name":"Diethylene glycol monoethyl ether acetate","description":"From FedElemFlowList_1.0.3. Flow Class: Chemicals. Not a preferred flow.","category":"Elementary Flows/emission/air","version":"01.00.003","lastChange":"2020-05-01T22:03:21.861Z","flowType":"ELEMENTARY_FLOW","cas":"112-15-2","formula":"C8H16O4","isInfrastructureFlow":false,"flowProperties":[{"@type":"FlowPropertyFactor","isRefFlowProperty":true,"flowProperty":{"@type":"FlowProperty","@id":"93a60a56-a3c8-11da-a746-0800200b9a66","name":"Mass","category":"Technical flow properties","refUnit":"kg"},"conversionFactor":1.0}]}