{"@type":"Flow","@id":"bedc2ed3-50b8-3f97-919b-b8c1d6bc8480","name":"p-Chloroaniline","description":"From FedElemFlowList_1.0.3. Flow Class: Chemicals. Not a preferred flow.","category":"Elementary Flows/emission/water/saline water body/ocean","version":"01.00.003","lastChange":"2020-05-01T22:03:32.482Z","flowType":"ELEMENTARY_FLOW","cas":"106-47-8","formula":"C6H6ClN","isInfrastructureFlow":false,"flowProperties":[{"@type":"FlowPropertyFactor","isRefFlowProperty":true,"flowProperty":{"@type":"FlowProperty","@id":"93a60a56-a3c8-11da-a746-0800200b9a66","name":"Mass","category":"Technical flow properties","refUnit":"kg"},"conversionFactor":1.0}]}