{"@type":"Flow","@id":"bf9d7102-49bc-39b8-94db-27ea2342629e","name":"1,3,5-Trichlorobenzene","description":"From FedElemFlowList_1.0.3. Flow Class: Chemicals. Not a preferred flow.","category":"Elementary Flows/emission/water/subterranean","version":"01.00.003","lastChange":"2020-05-01T22:03:32.669Z","flowType":"ELEMENTARY_FLOW","cas":"108-70-3","formula":"C6H3Cl3","isInfrastructureFlow":false,"flowProperties":[{"@type":"FlowPropertyFactor","isRefFlowProperty":true,"flowProperty":{"@type":"FlowProperty","@id":"93a60a56-a3c8-11da-a746-0800200b9a66","name":"Mass","category":"Technical flow properties","refUnit":"kg"},"conversionFactor":1.0}]}