{"@type":"Flow","@id":"c197731f-24fa-32a0-bc97-ebf3b3daa4f6","name":"Carbon tetrachloride","description":"From FedElemFlowList_1.0.3. Flow Class: Chemicals. Not a preferred flow.","category":"Elementary Flows/emission/water/saline water body/ocean","version":"01.00.003","lastChange":"2020-05-01T22:03:35.410Z","flowType":"ELEMENTARY_FLOW","cas":"56-23-5","formula":"CCl4","isInfrastructureFlow":false,"flowProperties":[{"@type":"FlowPropertyFactor","isRefFlowProperty":true,"flowProperty":{"@type":"FlowProperty","@id":"93a60a56-a3c8-11da-a746-0800200b9a66","name":"Mass","category":"Technical flow properties","refUnit":"kg"},"conversionFactor":1.0}]}