{"@type":"Flow","@id":"c2231d67-1d58-3c7e-b24f-2eea19dca6ef","name":"Triazophos","description":"From FedElemFlowList_1.0.3. Flow Class: Chemicals. Not a preferred flow.","category":"Elementary Flows/emission/water","version":"01.00.003","lastChange":"2020-05-01T22:03:34.358Z","flowType":"ELEMENTARY_FLOW","cas":"24017-47-8","formula":"C12H16N3O3PS","isInfrastructureFlow":false,"flowProperties":[{"@type":"FlowPropertyFactor","isRefFlowProperty":true,"flowProperty":{"@type":"FlowProperty","@id":"93a60a56-a3c8-11da-a746-0800200b9a66","name":"Mass","category":"Technical flow properties","refUnit":"kg"},"conversionFactor":1.0}]}