{"@type":"Flow","@id":"ce252bad-0867-3041-8b9c-5f65d5363655","name":"Carbofuran","description":"From FedElemFlowList_1.0.3. Flow Class: Chemicals. Preferred flow.","category":"Elementary Flows/emission/air/indoor","version":"01.00.003","lastChange":"2020-05-01T22:03:15.751Z","flowType":"ELEMENTARY_FLOW","cas":"1563-66-2","formula":"C12H15NO3","isInfrastructureFlow":false,"flowProperties":[{"@type":"FlowPropertyFactor","isRefFlowProperty":true,"flowProperty":{"@type":"FlowProperty","@id":"93a60a56-a3c8-11da-a746-0800200b9a66","name":"Mass","category":"Technical flow properties","refUnit":"kg"},"conversionFactor":1.0}]}