{"@type":"Flow","@id":"cefcc82a-ac70-36b6-a477-a2fa4a6be7d5","name":"Trichloroethylene","description":"From FedElemFlowList_1.0.3. Flow Class: Chemicals. Not a preferred flow.","category":"Elementary Flows/emission/water/fresh water body","version":"01.00.003","lastChange":"2020-05-01T22:03:36.792Z","flowType":"ELEMENTARY_FLOW","cas":"79-01-6","formula":"C2HCl3","isInfrastructureFlow":false,"flowProperties":[{"@type":"FlowPropertyFactor","isRefFlowProperty":true,"flowProperty":{"@type":"FlowProperty","@id":"93a60a56-a3c8-11da-a746-0800200b9a66","name":"Mass","category":"Technical flow properties","refUnit":"kg"},"conversionFactor":1.0}]}