{"@type":"Flow","@id":"d1a51912-0223-3915-bd7b-b2d3c780e792","name":"Carbon disulfide","description":"From FedElemFlowList_1.0.3. Flow Class: Chemicals. Not a preferred flow.","category":"Elementary Flows/emission/water/fresh water body/lake","version":"01.00.003","lastChange":"2020-05-01T22:03:36.531Z","flowType":"ELEMENTARY_FLOW","cas":"75-15-0","formula":"CS2","isInfrastructureFlow":false,"flowProperties":[{"@type":"FlowPropertyFactor","isRefFlowProperty":true,"flowProperty":{"@type":"FlowProperty","@id":"93a60a56-a3c8-11da-a746-0800200b9a66","name":"Mass","category":"Technical flow properties","refUnit":"kg"},"conversionFactor":1.0}]}