{"@type":"Flow","@id":"d80ce31d-578b-3c76-a756-05bdc8835131","name":"Tin","description":"From FedElemFlowList_1.0.3. Flow Class: Chemicals. Not a preferred flow.","category":"Elementary Flows/emission/water/fresh water body/lake","version":"01.00.003","lastChange":"2020-05-01T22:03:38.164Z","flowType":"ELEMENTARY_FLOW","cas":"7440-31-5","formula":"Sn","isInfrastructureFlow":false,"flowProperties":[{"@type":"FlowPropertyFactor","isRefFlowProperty":true,"flowProperty":{"@type":"FlowProperty","@id":"93a60a56-a3c8-11da-a746-0800200b9a66","name":"Mass","category":"Technical flow properties","refUnit":"kg"},"conversionFactor":1.0}]}