{"@type":"Flow","@id":"d9d04f3e-ec15-30d3-a3ab-cc33c00cfe7e","name":"Ethylene glycol monomethyl ether acetate","description":"From FedElemFlowList_1.0.3. Flow Class: Chemicals. Not a preferred flow.","category":"Elementary Flows/emission/air","version":"01.00.003","lastChange":"2020-05-01T22:03:14.189Z","flowType":"ELEMENTARY_FLOW","cas":"110-49-6","formula":"C5H10O3","isInfrastructureFlow":false,"flowProperties":[{"@type":"FlowPropertyFactor","isRefFlowProperty":true,"flowProperty":{"@type":"FlowProperty","@id":"93a60a56-a3c8-11da-a746-0800200b9a66","name":"Mass","category":"Technical flow properties","refUnit":"kg"},"conversionFactor":1.0}]}