{"@type":"Flow","@id":"f23e45fa-c494-382e-9a89-71d935c4365b","name":"Cyanazine","description":"From FedElemFlowList_1.0.3. Flow Class: Chemicals. Not a preferred flow.","category":"Elementary Flows/emission/water/subterranean","version":"01.00.003","lastChange":"2020-05-01T22:03:34.258Z","flowType":"ELEMENTARY_FLOW","cas":"21725-46-2","formula":"C9H13ClN6","isInfrastructureFlow":false,"flowProperties":[{"@type":"FlowPropertyFactor","isRefFlowProperty":true,"flowProperty":{"@type":"FlowProperty","@id":"93a60a56-a3c8-11da-a746-0800200b9a66","name":"Mass","category":"Technical flow properties","refUnit":"kg"},"conversionFactor":1.0}]}