{"@type":"Flow","@id":"f32ef7f0-2fab-3a1e-905b-ac3029626c75","name":"Ethylene glycol monoethyl ether acetate","description":"From FedElemFlowList_1.0.3. Flow Class: Chemicals. Not a preferred flow.","category":"Elementary Flows/emission/air","version":"01.00.003","lastChange":"2020-05-01T22:03:14.524Z","flowType":"ELEMENTARY_FLOW","cas":"111-15-9","formula":"C6H12O3","isInfrastructureFlow":false,"flowProperties":[{"@type":"FlowPropertyFactor","isRefFlowProperty":true,"flowProperty":{"@type":"FlowProperty","@id":"93a60a56-a3c8-11da-a746-0800200b9a66","name":"Mass","category":"Technical flow properties","refUnit":"kg"},"conversionFactor":1.0}]}