{"@type":"Flow","@id":"f39fc75c-2273-3d77-90d7-df73044bb91f","name":"Chlorpyrifos","description":"From FedElemFlowList_1.0.3. Flow Class: Chemicals. Preferred flow.","category":"Elementary Flows/emission/ground/terrestrial/forest","version":"01.00.003","lastChange":"2020-05-01T22:03:27.125Z","flowType":"ELEMENTARY_FLOW","cas":"2921-88-2","formula":"C9H11Cl3NO3PS","isInfrastructureFlow":false,"flowProperties":[{"@type":"FlowPropertyFactor","isRefFlowProperty":true,"flowProperty":{"@type":"FlowProperty","@id":"93a60a56-a3c8-11da-a746-0800200b9a66","name":"Mass","category":"Technical flow properties","refUnit":"kg"},"conversionFactor":1.0}]}