{"@type":"Flow","@id":"f42d334b-336a-348c-82c7-bf8819786c6b","name":"o-Chlorophenol","description":"From FedElemFlowList_1.0.3. Flow Class: Chemicals. Not a preferred flow.","category":"Elementary Flows/emission/water/fresh water body/river","version":"01.00.003","lastChange":"2020-05-01T22:03:37.557Z","flowType":"ELEMENTARY_FLOW","cas":"95-57-8","formula":"C6H5ClO","isInfrastructureFlow":false,"flowProperties":[{"@type":"FlowPropertyFactor","isRefFlowProperty":true,"flowProperty":{"@type":"FlowProperty","@id":"93a60a56-a3c8-11da-a746-0800200b9a66","name":"Mass","category":"Technical flow properties","refUnit":"kg"},"conversionFactor":1.0}]}