{"@type":"Flow","@id":"f6828535-60b8-3f1b-858a-7d29a5c75eb4","name":"Chlorpropham","description":"From FedElemFlowList_1.0.3. Flow Class: Chemicals. Not a preferred flow.","category":"Elementary Flows/emission/ground","version":"01.00.003","lastChange":"2020-05-01T22:03:24.659Z","flowType":"ELEMENTARY_FLOW","cas":"101-21-3","formula":"C10H12ClNO2","isInfrastructureFlow":false,"flowProperties":[{"@type":"FlowPropertyFactor","isRefFlowProperty":true,"flowProperty":{"@type":"FlowProperty","@id":"93a60a56-a3c8-11da-a746-0800200b9a66","name":"Mass","category":"Technical flow properties","refUnit":"kg"},"conversionFactor":1.0}]}