{"@type":"Flow","@id":"f87f427c-18b2-3f8b-b7e8-bf1683a45538","name":"p,p\u0027-DDT","description":"From FedElemFlowList_1.0.3. Flow Class: Chemicals. Preferred flow.","category":"Elementary Flows/emission/air/indoor","version":"01.00.003","lastChange":"2020-05-01T22:03:17.823Z","flowType":"ELEMENTARY_FLOW","cas":"50-29-3","formula":"C14H9Cl5","isInfrastructureFlow":false,"flowProperties":[{"@type":"FlowPropertyFactor","isRefFlowProperty":true,"flowProperty":{"@type":"FlowProperty","@id":"93a60a56-a3c8-11da-a746-0800200b9a66","name":"Mass","category":"Technical flow properties","refUnit":"kg"},"conversionFactor":1.0}]}