{"@type":"Flow","@id":"fc31cc71-e474-3f25-b7db-d9a2ea83dec6","name":"Pirimicarb","description":"From FedElemFlowList_1.0.3. Flow Class: Chemicals. Not a preferred flow.","category":"Elementary Flows/emission/air/troposphere/rural","version":"01.00.003","lastChange":"2020-05-01T22:03:16.353Z","flowType":"ELEMENTARY_FLOW","cas":"23103-98-2","formula":"C11H18N4O2","isInfrastructureFlow":false,"flowProperties":[{"@type":"FlowPropertyFactor","isRefFlowProperty":true,"flowProperty":{"@type":"FlowProperty","@id":"93a60a56-a3c8-11da-a746-0800200b9a66","name":"Mass","category":"Technical flow properties","refUnit":"kg"},"conversionFactor":1.0}]}