{"@type":"Flow","@id":"fd7d99e5-f0ad-3821-a5cd-bc099a7817b5","name":"4,6-Dinitro-o-cresol","description":"From FedElemFlowList_1.0.3. Flow Class: Chemicals. Not a preferred flow.","category":"Elementary Flows/emission/water/subterranean","version":"01.00.003","lastChange":"2020-05-01T22:03:35.251Z","flowType":"ELEMENTARY_FLOW","cas":"534-52-1","formula":"C7H6N2O5","isInfrastructureFlow":false,"flowProperties":[{"@type":"FlowPropertyFactor","isRefFlowProperty":true,"flowProperty":{"@type":"FlowProperty","@id":"93a60a56-a3c8-11da-a746-0800200b9a66","name":"Mass","category":"Technical flow properties","refUnit":"kg"},"conversionFactor":1.0}]}