{"@type":"Flow","@id":"fed3c8c5-cca9-3b88-a7de-c7054a3c99b8","name":"S-Ethyl dipropylthiocarbamate","description":"From FedElemFlowList_1.0.3. Flow Class: Chemicals. Not a preferred flow.","category":"Elementary Flows/emission/air","version":"01.00.003","lastChange":"2020-05-01T22:03:19.935Z","flowType":"ELEMENTARY_FLOW","cas":"759-94-4","formula":"C9H19NOS","isInfrastructureFlow":false,"flowProperties":[{"@type":"FlowPropertyFactor","isRefFlowProperty":true,"flowProperty":{"@type":"FlowProperty","@id":"93a60a56-a3c8-11da-a746-0800200b9a66","name":"Mass","category":"Technical flow properties","refUnit":"kg"},"conversionFactor":1.0}]}