{"@type":"Flow","@id":"fee0db87-427d-31ff-a964-bda0a9d6363b","name":"Benzene","description":"From FedElemFlowList_1.0.3. Flow Class: Chemicals. Preferred flow.","category":"Elementary Flows/emission/air/indoor","version":"01.00.003","lastChange":"2020-05-01T22:03:19.684Z","flowType":"ELEMENTARY_FLOW","cas":"71-43-2","formula":"C6H6","isInfrastructureFlow":false,"flowProperties":[{"@type":"FlowPropertyFactor","isRefFlowProperty":true,"flowProperty":{"@type":"FlowProperty","@id":"93a60a56-a3c8-11da-a746-0800200b9a66","name":"Mass","category":"Technical flow properties","refUnit":"kg"},"conversionFactor":1.0}]}