{"@type":"Flow","@id":"004a9163-6d22-306f-86f1-ca7812700285","name":"Decabromodiphenyl oxide","description":"From FedElemFlowList_1.0.3. Flow Class: Chemicals. Not a preferred flow.","category":"Elementary Flows/emission/ground","version":"01.00.003","lastChange":"2020-05-01T22:03:25.590Z","flowType":"ELEMENTARY_FLOW","cas":"1163-19-5","formula":"C12Br10O","isInfrastructureFlow":false,"flowProperties":[{"@type":"FlowPropertyFactor","isRefFlowProperty":true,"flowProperty":{"@type":"FlowProperty","@id":"93a60a56-a3c8-11da-a746-0800200b9a66","name":"Mass","category":"Technical flow properties","refUnit":"kg"},"conversionFactor":1.0}]}