{"@type":"Flow","@id":"0098d0bc-71b7-3a8d-a7d8-140512f2b264","name":"Pentachloronitrobenzene","description":"From FedElemFlowList_1.0.3. Flow Class: Chemicals. Not a preferred flow.","category":"Elementary Flows/emission/air","version":"01.00.003","lastChange":"2020-05-01T22:03:20.506Z","flowType":"ELEMENTARY_FLOW","cas":"82-68-8","formula":"C6Cl5NO2","isInfrastructureFlow":false,"flowProperties":[{"@type":"FlowPropertyFactor","isRefFlowProperty":true,"flowProperty":{"@type":"FlowProperty","@id":"93a60a56-a3c8-11da-a746-0800200b9a66","name":"Mass","category":"Technical flow properties","refUnit":"kg"},"conversionFactor":1.0}]}