{"@type":"Flow","@id":"00c539b0-15e4-3e73-8a06-85065769ae6f","name":"Allyl glycidyl ether","description":"From FedElemFlowList_1.0.3. Flow Class: Chemicals. Not a preferred flow.","category":"Elementary Flows/emission/air/stratosphere","version":"01.00.003","lastChange":"2020-05-01T22:03:13.782Z","flowType":"ELEMENTARY_FLOW","cas":"106-92-3","formula":"C6H10O2","isInfrastructureFlow":false,"flowProperties":[{"@type":"FlowPropertyFactor","isRefFlowProperty":true,"flowProperty":{"@type":"FlowProperty","@id":"93a60a56-a3c8-11da-a746-0800200b9a66","name":"Mass","category":"Technical flow properties","refUnit":"kg"},"conversionFactor":1.0}]}