{"@type":"Flow","@id":"021553b7-94dd-30af-8253-fa07175f1c2c","name":"3-Pyridinecarboxamide, N-(2,4-difluorophenyl)-2-[3-(trifluoromethyl)phenoxy]-","description":"From FedElemFlowList_1.0.3. Flow Class: Chemicals. Not a preferred flow.","category":"Elementary Flows/emission/water","version":"01.00.003","lastChange":"2020-05-01T22:03:37.032Z","flowType":"ELEMENTARY_FLOW","cas":"83164-33-4","formula":"C19H11F5N2O2","isInfrastructureFlow":false,"flowProperties":[{"@type":"FlowPropertyFactor","isRefFlowProperty":true,"flowProperty":{"@type":"FlowProperty","@id":"93a60a56-a3c8-11da-a746-0800200b9a66","name":"Mass","category":"Technical flow properties","refUnit":"kg"},"conversionFactor":1.0}]}