{"@type":"Flow","@id":"0adc7aaa-00dd-3ecd-a8db-4ce173a20591","name":"1,2,3,4,7,8,9-Heptachlorodibenzofuran","description":"From FedElemFlowList_1.0.3. Flow Class: Chemicals. Not a preferred flow.","category":"Elementary Flows/emission/air","version":"01.00.003","lastChange":"2020-05-01T22:03:21.621Z","flowType":"ELEMENTARY_FLOW","cas":"55673-89-7","formula":"C12HCl7O","isInfrastructureFlow":false,"flowProperties":[{"@type":"FlowPropertyFactor","isRefFlowProperty":true,"flowProperty":{"@type":"FlowProperty","@id":"93a60a56-a3c8-11da-a746-0800200b9a66","name":"Mass","category":"Technical flow properties","refUnit":"kg"},"conversionFactor":1.0}]}