{"@type":"Flow","@id":"0b728ef7-0efa-33be-8221-ac5ac1475f8c","name":"Dimethenamid-P","description":"From FedElemFlowList_1.0.3. Flow Class: Chemicals. Not a preferred flow.","category":"Elementary Flows/emission/air","version":"01.00.003","lastChange":"2020-05-01T22:03:15.805Z","flowType":"ELEMENTARY_FLOW","cas":"163515-14-8","formula":"C12H18ClNO2S","isInfrastructureFlow":false,"flowProperties":[{"@type":"FlowPropertyFactor","isRefFlowProperty":true,"flowProperty":{"@type":"FlowProperty","@id":"93a60a56-a3c8-11da-a746-0800200b9a66","name":"Mass","category":"Technical flow properties","refUnit":"kg"},"conversionFactor":1.0}]}