{"@type":"Flow","@id":"0b7b579f-eec6-370f-9b35-7aadd85fd0f3","name":"2,5-Dimethylaniline hydrochloride","description":"From FedElemFlowList_1.0.3. Flow Class: Chemicals. Not a preferred flow.","category":"Elementary Flows/emission/water/saline water body/ocean","version":"01.00.003","lastChange":"2020-05-01T22:03:31.595Z","flowType":"ELEMENTARY_FLOW","cas":"51786-53-9","formula":"C8H12ClN","isInfrastructureFlow":false,"flowProperties":[{"@type":"FlowPropertyFactor","isRefFlowProperty":true,"flowProperty":{"@type":"FlowProperty","@id":"93a60a56-a3c8-11da-a746-0800200b9a66","name":"Mass","category":"Technical flow properties","refUnit":"kg"},"conversionFactor":1.0}]}