{"@type":"Flow","@id":"0bb42fc8-7d53-3ff5-92ca-6641c0d92a1c","name":"Clofentezine","description":"From FedElemFlowList_1.0.3. Flow Class: Chemicals. Not a preferred flow.","category":"Elementary Flows/emission/air","version":"01.00.003","lastChange":"2020-05-01T22:03:19.764Z","flowType":"ELEMENTARY_FLOW","cas":"74115-24-5","formula":"C14H8Cl2N4","isInfrastructureFlow":false,"flowProperties":[{"@type":"FlowPropertyFactor","isRefFlowProperty":true,"flowProperty":{"@type":"FlowProperty","@id":"93a60a56-a3c8-11da-a746-0800200b9a66","name":"Mass","category":"Technical flow properties","refUnit":"kg"},"conversionFactor":1.0}]}