{"@type":"Flow","@id":"0c56aee4-7e22-3e85-8e83-34829f3e8304","name":"1,1,1-Trichloroethane","description":"From FedElemFlowList_1.0.3. Flow Class: Chemicals. Not a preferred flow.","category":"Elementary Flows/emission/air","version":"01.00.003","lastChange":"2020-05-01T22:03:19.694Z","flowType":"ELEMENTARY_FLOW","cas":"71-55-6","formula":"C2H3Cl3","isInfrastructureFlow":false,"flowProperties":[{"@type":"FlowPropertyFactor","isRefFlowProperty":true,"flowProperty":{"@type":"FlowProperty","@id":"93a60a56-a3c8-11da-a746-0800200b9a66","name":"Mass","category":"Technical flow properties","refUnit":"kg"},"conversionFactor":1.0}]}