{"@type":"Flow","@id":"0f4d7675-6f58-3dd9-8204-a138b69ea3f0","name":"Chlorantraniliprole","description":"From FedElemFlowList_1.0.2. Flow Class: Chemicals. Not a preferred flow.","category":"Elementary Flows/emission/air","version":"01.00.002","lastChange":"2020-07-01T17:49:56.838Z","flowType":"ELEMENTARY_FLOW","cas":"500008-45-7","formula":"C18H14BrCl2N5O2","isInfrastructureFlow":false,"flowProperties":[{"@type":"FlowPropertyFactor","isRefFlowProperty":true,"flowProperty":{"@type":"FlowProperty","@id":"93a60a56-a3c8-11da-a746-0800200b9a66","name":"Mass","category":"Technical flow properties","refUnit":"kg"},"conversionFactor":1.0}]}