{"@type":"Flow","@id":"0f6267c8-58a9-31ca-8e2f-be97e07d7eaf","name":"Dibenzo[a,h]pyrene","description":"From FedElemFlowList_1.0.2. Flow Class: Chemicals. Not a preferred flow.","category":"Elementary Flows/emission/air","version":"01.00.002","lastChange":"2020-07-01T17:50:18.335Z","flowType":"ELEMENTARY_FLOW","cas":"189-64-0","formula":"C24H14","isInfrastructureFlow":false,"flowProperties":[{"@type":"FlowPropertyFactor","isRefFlowProperty":true,"flowProperty":{"@type":"FlowProperty","@id":"93a60a56-a3c8-11da-a746-0800200b9a66","name":"Mass","category":"Technical flow properties","refUnit":"kg"},"conversionFactor":1.0}]}