{"@type":"Flow","@id":"103aa475-358a-39c9-a735-ebaa28284296","name":"Rhenium ore","description":"From FedElemFlowList_1.0.3. Flow Class: Geological. Not a preferred flow.","category":"Elementary Flows/resource/ground","version":"01.00.003","lastChange":"2020-05-01T22:03:39.226Z","flowType":"ELEMENTARY_FLOW","formula":"ReX","isInfrastructureFlow":false,"flowProperties":[{"@type":"FlowPropertyFactor","isRefFlowProperty":true,"flowProperty":{"@type":"FlowProperty","@id":"93a60a56-a3c8-11da-a746-0800200b9a66","name":"Mass","category":"Technical flow properties","refUnit":"kg"},"conversionFactor":1.0}]}