{"@type":"Flow","@id":"11e8319a-3ca1-3db2-b84a-9340145c3766","name":"Spinetoram L","description":"From FedElemFlowList_1.0.2. Flow Class: Chemicals. Not a preferred flow.","category":"Elementary Flows/emission/air","version":"01.00.002","lastChange":"2020-07-01T17:49:55.868Z","flowType":"ELEMENTARY_FLOW","cas":"187166-15-0","formula":"C43H69NO10","isInfrastructureFlow":false,"flowProperties":[{"@type":"FlowPropertyFactor","isRefFlowProperty":true,"flowProperty":{"@type":"FlowProperty","@id":"93a60a56-a3c8-11da-a746-0800200b9a66","name":"Mass","category":"Technical flow properties","refUnit":"kg"},"conversionFactor":1.0}]}