{"@type":"Flow","@id":"126bd48d-5d75-38f2-81f9-7a36dd22d219","name":"4,4\u0027-Isopropylidenediphenol","description":"From FedElemFlowList_1.0.3. Flow Class: Chemicals. Not a preferred flow.","category":"Elementary Flows/emission/water","version":"01.00.003","lastChange":"2020-05-01T22:03:36.892Z","flowType":"ELEMENTARY_FLOW","cas":"80-05-7","formula":"C15H16O2","isInfrastructureFlow":false,"flowProperties":[{"@type":"FlowPropertyFactor","isRefFlowProperty":true,"flowProperty":{"@type":"FlowProperty","@id":"93a60a56-a3c8-11da-a746-0800200b9a66","name":"Mass","category":"Technical flow properties","refUnit":"kg"},"conversionFactor":1.0}]}