{"@type":"Flow","@id":"13241d7e-c20b-3428-82de-fab31eb4a055","name":"coal, processed, at mine","category":"Technosphere Flows USLCI/21: Mining, Quarrying, and Oil and Gas Extraction/2121: Coal Mining","version":"00.00.001","lastChange":"2022-05-05T00:03:49.041Z","flowType":"PRODUCT_FLOW","isInfrastructureFlow":false,"flowProperties":[{"@type":"FlowPropertyFactor","isRefFlowProperty":true,"flowProperty":{"@type":"FlowProperty","@id":"93a60a56-a3c8-11da-a746-0800200b9a66","name":"Mass","category":"Technical flow properties","refUnit":"kg"},"conversionFactor":1.0}]}