{"@type":"Flow","@id":"164d4343-1aaa-37f9-a426-b12e79861e5a","name":"Acifluorfen, sodium salt","description":"From FedElemFlowList_1.0.3. Flow Class: Chemicals. Not a preferred flow.","category":"Elementary Flows/emission/air","version":"01.00.003","lastChange":"2020-05-01T22:03:19.274Z","flowType":"ELEMENTARY_FLOW","cas":"62476-59-9","formula":"C14H6ClF3NNaO5","isInfrastructureFlow":false,"flowProperties":[{"@type":"FlowPropertyFactor","isRefFlowProperty":true,"flowProperty":{"@type":"FlowProperty","@id":"93a60a56-a3c8-11da-a746-0800200b9a66","name":"Mass","category":"Technical flow properties","refUnit":"kg"},"conversionFactor":1.0}]}