{"@type":"Flow","@id":"18616c08-a9b6-3846-8d79-ffa81821db92","name":"Fluoro(fluoromethoxy)methane","description":"From FedElemFlowList_1.0.3. Flow Class: Chemicals. Not a preferred flow.","category":"Elementary Flows/emission/air","version":"01.00.003","lastChange":"2020-05-01T22:03:23.034Z","flowType":"ELEMENTARY_FLOW","cas":"462-51-1","formula":"C2H4F2O","isInfrastructureFlow":false,"flowProperties":[{"@type":"FlowPropertyFactor","isRefFlowProperty":true,"flowProperty":{"@type":"FlowProperty","@id":"93a60a56-a3c8-11da-a746-0800200b9a66","name":"Mass","category":"Technical flow properties","refUnit":"kg"},"conversionFactor":1.0}]}