{"@type":"Flow","@id":"20d82e33-686d-3c3e-b50a-d604e7edd7c0","name":"Ammonium 1-naphthaleneacetate","description":"From FedElemFlowList_1.0.2. Flow Class: Chemicals. Not a preferred flow.","category":"Elementary Flows/emission/air","version":"01.00.002","lastChange":"2020-07-01T17:50:06.386Z","flowType":"ELEMENTARY_FLOW","cas":"25545-89-5","formula":"C12H13NO2","isInfrastructureFlow":false,"flowProperties":[{"@type":"FlowPropertyFactor","isRefFlowProperty":true,"flowProperty":{"@type":"FlowProperty","@id":"93a60a56-a3c8-11da-a746-0800200b9a66","name":"Mass","category":"Technical flow properties","refUnit":"kg"},"conversionFactor":1.0}]}