{"@type":"Flow","@id":"217b5b60-cb12-3692-b93b-0e1742579c35","name":"Fomesafen-sodium","description":"From FedElemFlowList_1.0.2. Flow Class: Chemicals. Not a preferred flow.","category":"Elementary Flows/emission/air","version":"01.00.002","lastChange":"2020-07-01T17:49:59.994Z","flowType":"ELEMENTARY_FLOW","cas":"108731-70-0","formula":"C15H9ClF3N2NaO6S","isInfrastructureFlow":false,"flowProperties":[{"@type":"FlowPropertyFactor","isRefFlowProperty":true,"flowProperty":{"@type":"FlowProperty","@id":"93a60a56-a3c8-11da-a746-0800200b9a66","name":"Mass","category":"Technical flow properties","refUnit":"kg"},"conversionFactor":1.0}]}