{"@type":"Flow","@id":"21e6927d-b6df-3d13-bd31-426760ab01a6","name":"2,3,4,6,7,8-Hexachlorodibenzofuran","description":"From FedElemFlowList_1.0.2. Flow Class: Chemicals. Not a preferred flow.","category":"Elementary Flows/emission/water","version":"01.00.002","lastChange":"2020-07-01T17:51:31.424Z","flowType":"ELEMENTARY_FLOW","cas":"60851-34-5","formula":"C12H2Cl6O","isInfrastructureFlow":false,"flowProperties":[{"@type":"FlowPropertyFactor","isRefFlowProperty":true,"flowProperty":{"@type":"FlowProperty","@id":"93a60a56-a3c8-11da-a746-0800200b9a66","name":"Mass","category":"Technical flow properties","refUnit":"kg"},"conversionFactor":1.0}]}