{"@type":"Flow","@id":"2759e4ce-1d02-366d-b781-a05086952db6","name":"Benzene, 1,1\u0027-[sulfinylbis(methylene)]bis-","description":"From FedElemFlowList_1.0.3. Flow Class: Chemicals. Not a preferred flow.","category":"Elementary Flows/emission/water","version":"01.00.003","lastChange":"2020-05-01T22:03:35.838Z","flowType":"ELEMENTARY_FLOW","cas":"621-08-9","formula":"C14H14OS","isInfrastructureFlow":false,"flowProperties":[{"@type":"FlowPropertyFactor","isRefFlowProperty":true,"flowProperty":{"@type":"FlowProperty","@id":"93a60a56-a3c8-11da-a746-0800200b9a66","name":"Mass","category":"Technical flow properties","refUnit":"kg"},"conversionFactor":1.0}]}