{"@type":"Flow","@id":"2bb7e567-61ee-321d-90f7-637127a24cc8","name":"2,4,6-Trichloroaniline","description":"From FedElemFlowList_1.0.3. Flow Class: Chemicals. Not a preferred flow.","category":"Elementary Flows/emission/air/stratosphere","version":"01.00.003","lastChange":"2020-05-01T22:03:19.344Z","flowType":"ELEMENTARY_FLOW","cas":"634-93-5","formula":"C6H4Cl3N","isInfrastructureFlow":false,"flowProperties":[{"@type":"FlowPropertyFactor","isRefFlowProperty":true,"flowProperty":{"@type":"FlowProperty","@id":"93a60a56-a3c8-11da-a746-0800200b9a66","name":"Mass","category":"Technical flow properties","refUnit":"kg"},"conversionFactor":1.0}]}