{"@type":"Flow","@id":"2e1f0066-64a3-3ef7-85a6-12f623a6e5f4","name":"Potassium 1-naphthaleneacetate","description":"From FedElemFlowList_1.0.2. Flow Class: Chemicals. Not a preferred flow.","category":"Elementary Flows/emission/water","version":"01.00.002","lastChange":"2020-07-01T17:51:13.757Z","flowType":"ELEMENTARY_FLOW","cas":"15165-79-4","formula":"C12H9KO2","isInfrastructureFlow":false,"flowProperties":[{"@type":"FlowPropertyFactor","isRefFlowProperty":true,"flowProperty":{"@type":"FlowProperty","@id":"93a60a56-a3c8-11da-a746-0800200b9a66","name":"Mass","category":"Technical flow properties","refUnit":"kg"},"conversionFactor":1.0}]}