{"@type":"Flow","@id":"2f3283dd-395f-396c-b107-7b92d4b443c7","name":"Clethodim","description":"From FedElemFlowList_1.0.3. Flow Class: Chemicals. Not a preferred flow.","category":"Elementary Flows/emission/ground/human-dominated/agricultural","version":"01.00.003","lastChange":"2020-05-01T22:03:30.092Z","flowType":"ELEMENTARY_FLOW","cas":"99129-21-2","formula":"C17H26ClNO3S","isInfrastructureFlow":false,"flowProperties":[{"@type":"FlowPropertyFactor","isRefFlowProperty":true,"flowProperty":{"@type":"FlowProperty","@id":"93a60a56-a3c8-11da-a746-0800200b9a66","name":"Mass","category":"Technical flow properties","refUnit":"kg"},"conversionFactor":1.0}]}