{"@type":"Flow","@id":"2f9d39a5-af47-3d92-ba09-4f6e8e04dd36","name":"Triflumizole","description":"From FedElemFlowList_1.0.3. Flow Class: Chemicals. Not a preferred flow.","category":"Elementary Flows/emission/water","version":"01.00.003","lastChange":"2020-05-01T22:03:36.239Z","flowType":"ELEMENTARY_FLOW","cas":"68694-11-1","formula":"C15H15ClF3N3O","isInfrastructureFlow":false,"flowProperties":[{"@type":"FlowPropertyFactor","isRefFlowProperty":true,"flowProperty":{"@type":"FlowProperty","@id":"93a60a56-a3c8-11da-a746-0800200b9a66","name":"Mass","category":"Technical flow properties","refUnit":"kg"},"conversionFactor":1.0}]}