{"@type":"Flow","@id":"31f4002f-8eed-3b8a-9342-1cb6e581ab26","name":"Ioxynil","description":"From FedElemFlowList_1.0.3. Flow Class: Chemicals. Not a preferred flow.","category":"Elementary Flows/emission/water","version":"01.00.003","lastChange":"2020-05-01T22:03:34.026Z","flowType":"ELEMENTARY_FLOW","cas":"1689-83-4","formula":"C7H3I2NO","isInfrastructureFlow":false,"flowProperties":[{"@type":"FlowPropertyFactor","isRefFlowProperty":true,"flowProperty":{"@type":"FlowProperty","@id":"93a60a56-a3c8-11da-a746-0800200b9a66","name":"Mass","category":"Technical flow properties","refUnit":"kg"},"conversionFactor":1.0}]}