{"@type":"Flow","@id":"32262e1e-b209-3161-a289-ec1c582419c9","name":"Benzonitrile, 2-amino-5-chloro-","description":"From FedElemFlowList_1.0.3. Flow Class: Chemicals. Not a preferred flow.","category":"Elementary Flows/emission/ground/human-dominated/agricultural","version":"01.00.003","lastChange":"2020-05-01T22:03:28.264Z","flowType":"ELEMENTARY_FLOW","cas":"5922-60-1","formula":"C7H5ClN2","isInfrastructureFlow":false,"flowProperties":[{"@type":"FlowPropertyFactor","isRefFlowProperty":true,"flowProperty":{"@type":"FlowProperty","@id":"93a60a56-a3c8-11da-a746-0800200b9a66","name":"Mass","category":"Technical flow properties","refUnit":"kg"},"conversionFactor":1.0}]}