{"@type":"Flow","@id":"32c1b5f6-9a26-32e7-b473-a94011534db0","name":"2-Methyl-3(2H)-isothiazolone","description":"From FedElemFlowList_1.0.3. Flow Class: Chemicals. Not a preferred flow.","category":"Elementary Flows/emission/air/stratosphere","version":"01.00.003","lastChange":"2020-05-01T22:03:16.644Z","flowType":"ELEMENTARY_FLOW","cas":"2682-20-4","formula":"C4H5NOS","isInfrastructureFlow":false,"flowProperties":[{"@type":"FlowPropertyFactor","isRefFlowProperty":true,"flowProperty":{"@type":"FlowProperty","@id":"93a60a56-a3c8-11da-a746-0800200b9a66","name":"Mass","category":"Technical flow properties","refUnit":"kg"},"conversionFactor":1.0}]}