{"@type":"Flow","@id":"36a55caf-a4c5-3e90-9e76-b6757a56cb2a","name":"Bis(2-chloroethyl) ether","description":"From FedElemFlowList_1.0.3. Flow Class: Chemicals. Not a preferred flow.","category":"Elementary Flows/emission/air","version":"01.00.003","lastChange":"2020-05-01T22:03:14.622Z","flowType":"ELEMENTARY_FLOW","cas":"111-44-4","formula":"C4H8Cl2O","isInfrastructureFlow":false,"flowProperties":[{"@type":"FlowPropertyFactor","isRefFlowProperty":true,"flowProperty":{"@type":"FlowProperty","@id":"93a60a56-a3c8-11da-a746-0800200b9a66","name":"Mass","category":"Technical flow properties","refUnit":"kg"},"conversionFactor":1.0}]}