{"@type":"Flow","@id":"37223373-7a77-374f-862a-f551d416f608","name":"Thiacloprid","description":"From FedElemFlowList_1.0.2. Flow Class: Chemicals. Not a preferred flow.","category":"Elementary Flows/emission/air","version":"01.00.002","lastChange":"2020-07-01T17:50:00.870Z","flowType":"ELEMENTARY_FLOW","cas":"111988-49-9","formula":"C10H9ClN4S","isInfrastructureFlow":false,"flowProperties":[{"@type":"FlowPropertyFactor","isRefFlowProperty":true,"flowProperty":{"@type":"FlowProperty","@id":"93a60a56-a3c8-11da-a746-0800200b9a66","name":"Mass","category":"Technical flow properties","refUnit":"kg"},"conversionFactor":1.0}]}