{"@type":"Flow","@id":"3961349b-5986-3796-92f0-223ebb8d674c","name":"C.I. Disperse Yellow 3","description":"From FedElemFlowList_1.0.3. Flow Class: Chemicals. Not a preferred flow.","category":"Elementary Flows/emission/air/stratosphere","version":"01.00.003","lastChange":"2020-05-01T22:03:16.718Z","flowType":"ELEMENTARY_FLOW","cas":"2832-40-8","formula":"C15H15N3O2","isInfrastructureFlow":false,"flowProperties":[{"@type":"FlowPropertyFactor","isRefFlowProperty":true,"flowProperty":{"@type":"FlowProperty","@id":"93a60a56-a3c8-11da-a746-0800200b9a66","name":"Mass","category":"Technical flow properties","refUnit":"kg"},"conversionFactor":1.0}]}