{"@type":"Flow","@id":"39f5ac0d-e6d2-3f69-a81e-a2c921f41cf7","name":"Chlorantraniliprole","description":"From FedElemFlowList_1.0.2. Flow Class: Chemicals. Not a preferred flow.","category":"Elementary Flows/emission/water","version":"01.00.002","lastChange":"2020-07-01T17:51:04.545Z","flowType":"ELEMENTARY_FLOW","cas":"500008-45-7","formula":"C18H14BrCl2N5O2","isInfrastructureFlow":false,"flowProperties":[{"@type":"FlowPropertyFactor","isRefFlowProperty":true,"flowProperty":{"@type":"FlowProperty","@id":"93a60a56-a3c8-11da-a746-0800200b9a66","name":"Mass","category":"Technical flow properties","refUnit":"kg"},"conversionFactor":1.0}]}