{"@type":"Flow","@id":"3b292632-98cb-3a4c-bff5-cc022fa98e91","name":"Piperonyl butoxide","description":"From FedElemFlowList_1.0.3. Flow Class: Chemicals. Not a preferred flow.","category":"Elementary Flows/emission/air","version":"01.00.003","lastChange":"2020-05-01T22:03:17.922Z","flowType":"ELEMENTARY_FLOW","cas":"51-03-6","formula":"C19H30O5","isInfrastructureFlow":false,"flowProperties":[{"@type":"FlowPropertyFactor","isRefFlowProperty":true,"flowProperty":{"@type":"FlowProperty","@id":"93a60a56-a3c8-11da-a746-0800200b9a66","name":"Mass","category":"Technical flow properties","refUnit":"kg"},"conversionFactor":1.0}]}