{"@type":"Flow","@id":"3b7209a0-e9df-3308-a096-0ee2a8712dfe","name":"Nickel(II)","description":"From FedElemFlowList_1.0.3. Flow Class: Chemicals. Not a preferred flow.","category":"Elementary Flows/emission/air","version":"01.00.003","lastChange":"2020-05-01T22:03:22.954Z","flowType":"ELEMENTARY_FLOW","cas":"14701-22-5","formula":"[Ni++]","isInfrastructureFlow":false,"flowProperties":[{"@type":"FlowPropertyFactor","isRefFlowProperty":true,"flowProperty":{"@type":"FlowProperty","@id":"93a60a56-a3c8-11da-a746-0800200b9a66","name":"Mass","category":"Technical flow properties","refUnit":"kg"},"conversionFactor":1.0}]}