{"@type":"Flow","@id":"3bfd916c-2ddf-3204-8ef3-078bf7b6938a","name":"Spirodiclofen","description":"From FedElemFlowList_1.0.2. Flow Class: Chemicals. Not a preferred flow.","category":"Elementary Flows/emission/air","version":"01.00.002","lastChange":"2020-07-01T17:50:04.120Z","flowType":"ELEMENTARY_FLOW","cas":"148477-71-8","formula":"C21H24Cl2O4","isInfrastructureFlow":false,"flowProperties":[{"@type":"FlowPropertyFactor","isRefFlowProperty":true,"flowProperty":{"@type":"FlowProperty","@id":"93a60a56-a3c8-11da-a746-0800200b9a66","name":"Mass","category":"Technical flow properties","refUnit":"kg"},"conversionFactor":1.0}]}