{"@type":"Flow","@id":"40d12c27-b777-3c58-9492-094c352bfd99","name":"Organic compounds","description":"From FedElemFlowList_1.0.3. Flow Class: Groups. Not a preferred flow.","category":"Elementary Flows/emission/water","version":"01.00.003","lastChange":"2020-05-01T22:03:39.640Z","flowType":"ELEMENTARY_FLOW","cas":"n.a.","formula":"-","isInfrastructureFlow":false,"flowProperties":[{"@type":"FlowPropertyFactor","isRefFlowProperty":true,"flowProperty":{"@type":"FlowProperty","@id":"93a60a56-a3c8-11da-a746-0800200b9a66","name":"Mass","category":"Technical flow properties","refUnit":"kg"},"conversionFactor":1.0}]}