{"@type":"Flow","@id":"41d8ebe2-de83-3115-b404-6efa051f2674","name":"Metalaxyl-M","description":"From FedElemFlowList_1.0.3. Flow Class: Chemicals. Not a preferred flow.","category":"Elementary Flows/emission/water","version":"01.00.003","lastChange":"2020-05-01T22:03:36.315Z","flowType":"ELEMENTARY_FLOW","cas":"70630-17-0","formula":"C15H21NO4","isInfrastructureFlow":false,"flowProperties":[{"@type":"FlowPropertyFactor","isRefFlowProperty":true,"flowProperty":{"@type":"FlowProperty","@id":"93a60a56-a3c8-11da-a746-0800200b9a66","name":"Mass","category":"Technical flow properties","refUnit":"kg"},"conversionFactor":1.0}]}