{"@type":"Flow","@id":"45bc39bd-b2b3-313a-a0b2-1374b42fdd76","name":"Bis(2-chloro-1-methylethyl) ether","description":"From FedElemFlowList_1.0.3. Flow Class: Chemicals. Not a preferred flow.","category":"Elementary Flows/emission/air","version":"01.00.003","lastChange":"2020-05-01T22:03:13.941Z","flowType":"ELEMENTARY_FLOW","cas":"108-60-1","formula":"C6H12Cl2O","isInfrastructureFlow":false,"flowProperties":[{"@type":"FlowPropertyFactor","isRefFlowProperty":true,"flowProperty":{"@type":"FlowProperty","@id":"93a60a56-a3c8-11da-a746-0800200b9a66","name":"Mass","category":"Technical flow properties","refUnit":"kg"},"conversionFactor":1.0}]}