{"@type":"Flow","@id":"463f42a6-e455-3fed-9158-ad979dd877ea","name":"MCPB sodium salt","description":"From FedElemFlowList_1.0.3. Flow Class: Chemicals. Not a preferred flow.","category":"Elementary Flows/emission/water","version":"01.00.003","lastChange":"2020-05-01T22:03:35.750Z","flowType":"ELEMENTARY_FLOW","cas":"6062-26-6","formula":"C11H12ClNaO3","isInfrastructureFlow":false,"flowProperties":[{"@type":"FlowPropertyFactor","isRefFlowProperty":true,"flowProperty":{"@type":"FlowProperty","@id":"93a60a56-a3c8-11da-a746-0800200b9a66","name":"Mass","category":"Technical flow properties","refUnit":"kg"},"conversionFactor":1.0}]}