{"@type":"Flow","@id":"47fa0682-b274-3626-97fd-adf7f3a22559","name":"Cyfluthrin","description":"From FedElemFlowList_1.0.3. Flow Class: Chemicals. Not a preferred flow.","category":"Elementary Flows/emission/water","version":"01.00.003","lastChange":"2020-05-01T22:03:36.229Z","flowType":"ELEMENTARY_FLOW","cas":"68359-37-5","formula":"C22H18Cl2FNO3","isInfrastructureFlow":false,"flowProperties":[{"@type":"FlowPropertyFactor","isRefFlowProperty":true,"flowProperty":{"@type":"FlowProperty","@id":"93a60a56-a3c8-11da-a746-0800200b9a66","name":"Mass","category":"Technical flow properties","refUnit":"kg"},"conversionFactor":1.0}]}