{"@type":"Flow","@id":"49401675-a243-345b-abfd-47fc51a0d64a","name":"Cyclanilide","description":"From FedElemFlowList_1.0.3. Flow Class: Chemicals. Not a preferred flow.","category":"Elementary Flows/emission/water","version":"01.00.003","lastChange":"2020-05-01T22:03:33.094Z","flowType":"ELEMENTARY_FLOW","cas":"113136-77-9","formula":"C11H9Cl2NO3","isInfrastructureFlow":false,"flowProperties":[{"@type":"FlowPropertyFactor","isRefFlowProperty":true,"flowProperty":{"@type":"FlowProperty","@id":"93a60a56-a3c8-11da-a746-0800200b9a66","name":"Mass","category":"Technical flow properties","refUnit":"kg"},"conversionFactor":1.0}]}