{"@type":"Flow","@id":"49c8e64b-9185-30e0-bd29-fb29f408ce7c","name":"1,4-Diazabicyclo[2.2.2]octane","description":"From FedElemFlowList_1.0.3. Flow Class: Chemicals. Preferred flow.","category":"Elementary Flows/emission/air/indoor","version":"01.00.003","lastChange":"2020-05-01T22:03:16.691Z","flowType":"ELEMENTARY_FLOW","cas":"280-57-9","formula":"C6H12N2","isInfrastructureFlow":false,"flowProperties":[{"@type":"FlowPropertyFactor","isRefFlowProperty":true,"flowProperty":{"@type":"FlowProperty","@id":"93a60a56-a3c8-11da-a746-0800200b9a66","name":"Mass","category":"Technical flow properties","refUnit":"kg"},"conversionFactor":1.0}]}