{"@type":"Flow","@id":"4a62a918-3a26-3893-a7ee-bb96e7577127","name":"C.I. Acid Orange 3","description":"From FedElemFlowList_1.0.3. Flow Class: Chemicals. Not a preferred flow.","category":"Elementary Flows/emission/water/saline water body/ocean","version":"01.00.003","lastChange":"2020-05-01T22:03:36.049Z","flowType":"ELEMENTARY_FLOW","cas":"6373-74-6","formula":"C18H13N4NaO7S","isInfrastructureFlow":false,"flowProperties":[{"@type":"FlowPropertyFactor","isRefFlowProperty":true,"flowProperty":{"@type":"FlowProperty","@id":"93a60a56-a3c8-11da-a746-0800200b9a66","name":"Mass","category":"Technical flow properties","refUnit":"kg"},"conversionFactor":1.0}]}