{"@type":"Flow","@id":"4a9b4fb9-5ffa-3a01-9be0-7c4852e5851d","name":"Imazosulfuron","description":"From FedElemFlowList_1.0.2. Flow Class: Chemicals. Not a preferred flow.","category":"Elementary Flows/emission/air","version":"01.00.002","lastChange":"2020-07-01T17:49:55.574Z","flowType":"ELEMENTARY_FLOW","cas":"122548-33-8","formula":"C14H13ClN6O5S","isInfrastructureFlow":false,"flowProperties":[{"@type":"FlowPropertyFactor","isRefFlowProperty":true,"flowProperty":{"@type":"FlowProperty","@id":"93a60a56-a3c8-11da-a746-0800200b9a66","name":"Mass","category":"Technical flow properties","refUnit":"kg"},"conversionFactor":1.0}]}