{"@type":"Flow","@id":"4ae173e2-5e6f-3e7f-bf6b-32a1837a72fb","name":"p-Propylphenol","description":"From FedElemFlowList_1.0.3. Flow Class: Chemicals. Not a preferred flow.","category":"Elementary Flows/emission/water/fresh water body/river","version":"01.00.003","lastChange":"2020-05-01T22:03:36.069Z","flowType":"ELEMENTARY_FLOW","cas":"645-56-7","formula":"C9H12O","isInfrastructureFlow":false,"flowProperties":[{"@type":"FlowPropertyFactor","isRefFlowProperty":true,"flowProperty":{"@type":"FlowProperty","@id":"93a60a56-a3c8-11da-a746-0800200b9a66","name":"Mass","category":"Technical flow properties","refUnit":"kg"},"conversionFactor":1.0}]}