{"@type":"Flow","@id":"4c93360c-c42c-3ce1-ae3e-7b11de633e07","name":"1-(3-Chloroallyl)-3,5,7-Triaza-1-azoniaadamantane chloride","description":"From FedElemFlowList_1.0.3. Flow Class: Chemicals. Not a preferred flow.","category":"Elementary Flows/emission/ground","version":"01.00.003","lastChange":"2020-05-01T22:03:27.500Z","flowType":"ELEMENTARY_FLOW","cas":"4080-31-3","formula":"C9H16Cl2N4","isInfrastructureFlow":false,"flowProperties":[{"@type":"FlowPropertyFactor","isRefFlowProperty":true,"flowProperty":{"@type":"FlowProperty","@id":"93a60a56-a3c8-11da-a746-0800200b9a66","name":"Mass","category":"Technical flow properties","refUnit":"kg"},"conversionFactor":1.0}]}