{"@type":"Flow","@id":"4d1571a6-ffff-3a36-82df-224ed975a094","name":"Energy, solar","description":"From FedElemFlowList_1.0.3. Flow Class: Energy. Preferred flow.","category":"Elementary Flows/resource/air","version":"01.00.003","lastChange":"2020-05-01T22:03:39.141Z","flowType":"ELEMENTARY_FLOW","isInfrastructureFlow":false,"flowProperties":[{"@type":"FlowPropertyFactor","isRefFlowProperty":true,"flowProperty":{"@type":"FlowProperty","@id":"f6811440-ee37-11de-8a39-0800200c9a66","name":"Energy","category":"Technical flow properties","refUnit":"MJ"},"conversionFactor":1.0}]}