{"@type":"Flow","@id":"4dfdacae-3af6-3479-9f42-f64558a056fc","name":"Thiourea, N-ethyl-N\u0027-phenyl-","description":"From FedElemFlowList_1.0.3. Flow Class: Chemicals. Not a preferred flow.","category":"Elementary Flows/emission/water/subterranean","version":"01.00.003","lastChange":"2020-05-01T22:03:32.099Z","flowType":"ELEMENTARY_FLOW","cas":"2741-06-2","formula":"C9H12N2S","isInfrastructureFlow":false,"flowProperties":[{"@type":"FlowPropertyFactor","isRefFlowProperty":true,"flowProperty":{"@type":"FlowProperty","@id":"93a60a56-a3c8-11da-a746-0800200b9a66","name":"Mass","category":"Technical flow properties","refUnit":"kg"},"conversionFactor":1.0}]}