{"@type":"Flow","@id":"51b96ba3-3dc1-32f4-94e6-47601e4754ae","name":"Boron","description":"From FedElemFlowList_1.0.3. Flow Class: Chemicals. Not a preferred flow.","category":"Elementary Flows/emission/air","version":"01.00.003","lastChange":"2020-05-01T22:03:22.260Z","flowType":"ELEMENTARY_FLOW","cas":"7440-42-8","formula":"B","isInfrastructureFlow":false,"flowProperties":[{"@type":"FlowPropertyFactor","isRefFlowProperty":true,"flowProperty":{"@type":"FlowProperty","@id":"93a60a56-a3c8-11da-a746-0800200b9a66","name":"Mass","category":"Technical flow properties","refUnit":"kg"},"conversionFactor":1.0}]}