{"@type":"Flow","@id":"51dfa0dc-4894-3152-84bc-7a26f56f6e41","name":"4-Fluorobenzaldehyde","description":"From FedElemFlowList_1.0.3. Flow Class: Chemicals. Preferred flow.","category":"Elementary Flows/emission/ground/terrestrial/forest","version":"01.00.003","lastChange":"2020-05-01T22:03:24.249Z","flowType":"ELEMENTARY_FLOW","cas":"459-57-4","formula":"C7H5FO","isInfrastructureFlow":false,"flowProperties":[{"@type":"FlowPropertyFactor","isRefFlowProperty":true,"flowProperty":{"@type":"FlowProperty","@id":"93a60a56-a3c8-11da-a746-0800200b9a66","name":"Mass","category":"Technical flow properties","refUnit":"kg"},"conversionFactor":1.0}]}