{"@type":"Flow","@id":"552c70c8-60d7-334d-97a0-c6f6eefd03a4","name":"Methoxone sodium salt","description":"From FedElemFlowList_1.0.3. Flow Class: Chemicals. Not a preferred flow.","category":"Elementary Flows/emission/air","version":"01.00.003","lastChange":"2020-05-01T22:03:17.045Z","flowType":"ELEMENTARY_FLOW","cas":"3653-48-3","formula":"C9H8ClNaO3","isInfrastructureFlow":false,"flowProperties":[{"@type":"FlowPropertyFactor","isRefFlowProperty":true,"flowProperty":{"@type":"FlowProperty","@id":"93a60a56-a3c8-11da-a746-0800200b9a66","name":"Mass","category":"Technical flow properties","refUnit":"kg"},"conversionFactor":1.0}]}