{"@type":"Flow","@id":"56c31551-4011-34db-9272-a54cfdfa2afc","name":"MCPA-dimethylammonium","description":"From FedElemFlowList_1.0.3. Flow Class: Chemicals. Not a preferred flow.","category":"Elementary Flows/emission/water","version":"01.00.003","lastChange":"2020-05-01T22:03:34.227Z","flowType":"ELEMENTARY_FLOW","cas":"2039-46-5","formula":"C11H16ClNO3","isInfrastructureFlow":false,"flowProperties":[{"@type":"FlowPropertyFactor","isRefFlowProperty":true,"flowProperty":{"@type":"FlowProperty","@id":"93a60a56-a3c8-11da-a746-0800200b9a66","name":"Mass","category":"Technical flow properties","refUnit":"kg"},"conversionFactor":1.0}]}