{"@type":"Flow","@id":"58350bd7-be6b-365c-a733-0c23d08afa9e","name":"Alumina","description":"From FedElemFlowList_1.0.2. Flow Class: Chemicals. Not a preferred flow.","category":"Elementary Flows/emission/water","version":"01.00.002","lastChange":"2020-07-01T17:51:12.410Z","flowType":"ELEMENTARY_FLOW","cas":"1344-28-1","formula":"-","isInfrastructureFlow":false,"flowProperties":[{"@type":"FlowPropertyFactor","isRefFlowProperty":true,"flowProperty":{"@type":"FlowProperty","@id":"93a60a56-a3c8-11da-a746-0800200b9a66","name":"Mass","category":"Technical flow properties","refUnit":"kg"},"conversionFactor":1.0}]}