{"@type":"Flow","@id":"59e5bdca-8b5c-39e3-b24d-b7097339c7f1","name":"4-(1,1-Dimethylethyl)benzenemethanol","description":"From FedElemFlowList_1.0.3. Flow Class: Chemicals. Not a preferred flow.","category":"Elementary Flows/emission/ground/human-dominated/agricultural","version":"01.00.003","lastChange":"2020-05-01T22:03:29.606Z","flowType":"ELEMENTARY_FLOW","cas":"877-65-6","formula":"C11H16O","isInfrastructureFlow":false,"flowProperties":[{"@type":"FlowPropertyFactor","isRefFlowProperty":true,"flowProperty":{"@type":"FlowProperty","@id":"93a60a56-a3c8-11da-a746-0800200b9a66","name":"Mass","category":"Technical flow properties","refUnit":"kg"},"conversionFactor":1.0}]}