{"@type":"Flow","@id":"5bc5f9c1-3ccd-358a-8650-bfad11aeb46e","name":"Tetrahydrofurfuryl methacrylate","description":"From FedElemFlowList_1.0.3. Flow Class: Chemicals. Not a preferred flow.","category":"Elementary Flows/emission/air/troposphere/rural","version":"01.00.003","lastChange":"2020-05-01T22:03:16.428Z","flowType":"ELEMENTARY_FLOW","cas":"2455-24-5","formula":"C9H14O3","isInfrastructureFlow":false,"flowProperties":[{"@type":"FlowPropertyFactor","isRefFlowProperty":true,"flowProperty":{"@type":"FlowProperty","@id":"93a60a56-a3c8-11da-a746-0800200b9a66","name":"Mass","category":"Technical flow properties","refUnit":"kg"},"conversionFactor":1.0}]}