{"@type":"Flow","@id":"5c4e8ae8-2db9-3f4d-96dc-2c5869d0a7f2","name":"Propanoic acid, 2-hydroxy-, octyl ester","description":"From FedElemFlowList_1.0.3. Flow Class: Chemicals. Not a preferred flow.","category":"Elementary Flows/emission/ground","version":"01.00.003","lastChange":"2020-05-01T22:03:27.852Z","flowType":"ELEMENTARY_FLOW","cas":"5464-71-1","formula":"C11H22O3","isInfrastructureFlow":false,"flowProperties":[{"@type":"FlowPropertyFactor","isRefFlowProperty":true,"flowProperty":{"@type":"FlowProperty","@id":"93a60a56-a3c8-11da-a746-0800200b9a66","name":"Mass","category":"Technical flow properties","refUnit":"kg"},"conversionFactor":1.0}]}