{"@type":"Flow","@id":"5e137a2a-b710-3a0f-89e6-4dfe0c8b9b91","name":"Sodium dimethyldithiocarbamate","description":"From FedElemFlowList_1.0.3. Flow Class: Chemicals. Not a preferred flow.","category":"Elementary Flows/emission/ground","version":"01.00.003","lastChange":"2020-05-01T22:03:25.897Z","flowType":"ELEMENTARY_FLOW","cas":"128-04-1","formula":"C3H6NNaS2","isInfrastructureFlow":false,"flowProperties":[{"@type":"FlowPropertyFactor","isRefFlowProperty":true,"flowProperty":{"@type":"FlowProperty","@id":"93a60a56-a3c8-11da-a746-0800200b9a66","name":"Mass","category":"Technical flow properties","refUnit":"kg"},"conversionFactor":1.0}]}