{"@type":"Flow","@id":"5fe28979-9416-3710-8e93-54320b2b4cde","name":"1,2,3,4,7,8,9-Heptachlorodibenzofuran","description":"From FedElemFlowList_1.0.2. Flow Class: Chemicals. Not a preferred flow.","category":"Elementary Flows/emission/water","version":"01.00.002","lastChange":"2020-07-01T17:51:31.355Z","flowType":"ELEMENTARY_FLOW","cas":"55673-89-7","formula":"C12HCl7O","isInfrastructureFlow":false,"flowProperties":[{"@type":"FlowPropertyFactor","isRefFlowProperty":true,"flowProperty":{"@type":"FlowProperty","@id":"93a60a56-a3c8-11da-a746-0800200b9a66","name":"Mass","category":"Technical flow properties","refUnit":"kg"},"conversionFactor":1.0}]}