{"@type":"Flow","@id":"62f3e781-d884-3080-9344-dded2766ff3b","name":"3,3\u0027-Dichlorobenzidine","description":"From FedElemFlowList_1.0.3. Flow Class: Chemicals. Not a preferred flow.","category":"Elementary Flows/emission/air","version":"01.00.003","lastChange":"2020-05-01T22:03:21.021Z","flowType":"ELEMENTARY_FLOW","cas":"91-94-1","formula":"C12H10Cl2N2","isInfrastructureFlow":false,"flowProperties":[{"@type":"FlowPropertyFactor","isRefFlowProperty":true,"flowProperty":{"@type":"FlowProperty","@id":"93a60a56-a3c8-11da-a746-0800200b9a66","name":"Mass","category":"Technical flow properties","refUnit":"kg"},"conversionFactor":1.0}]}