{"@type":"Flow","@id":"64e4081e-3bbf-3576-ad3e-d760aa93c187","name":"Fuel grade uranium, at regional storage","category":"Technosphere Flows USLCI/31-33: Manufacturing/3251: Basic Chemical Manufacturing","version":"00.00.004","lastChange":"2022-05-04T00:26:38.491Z","flowType":"PRODUCT_FLOW","isInfrastructureFlow":false,"location":{"@type":"Location","@id":"b320e7db-c758-3ba6-8839-81eb83c9d7d7","name":"Northern America"},"flowProperties":[{"@type":"FlowPropertyFactor","isRefFlowProperty":true,"flowProperty":{"@type":"FlowProperty","@id":"93a60a56-a3c8-11da-a746-0800200b9a66","name":"Mass","category":"Technical flow properties","refUnit":"kg"},"conversionFactor":1.0}]}