{"@type":"Flow","@id":"657767ef-7b35-3de1-b80c-29aadf260203","name":"3-(Trifluoromethyl)benzonitrile","description":"From FedElemFlowList_1.0.3. Flow Class: Chemicals. Not a preferred flow.","category":"Elementary Flows/emission/water/saline water body/ocean","version":"01.00.003","lastChange":"2020-05-01T22:03:34.835Z","flowType":"ELEMENTARY_FLOW","cas":"368-77-4","formula":"C8H4F3N","isInfrastructureFlow":false,"flowProperties":[{"@type":"FlowPropertyFactor","isRefFlowProperty":true,"flowProperty":{"@type":"FlowProperty","@id":"93a60a56-a3c8-11da-a746-0800200b9a66","name":"Mass","category":"Technical flow properties","refUnit":"kg"},"conversionFactor":1.0}]}