{"@type":"Flow","@id":"67297f72-511b-3e86-b7e4-676437a75dbf","name":"Water, saline","description":"From FedElemFlowList_1.0.2. Flow Class: Water. Not a preferred flow.","category":"Elementary Flows/resource/water","version":"01.00.002","lastChange":"2020-07-01T17:51:45.265Z","flowType":"ELEMENTARY_FLOW","cas":"7732205","formula":"H2O","isInfrastructureFlow":false,"flowProperties":[{"@type":"FlowPropertyFactor","isRefFlowProperty":true,"flowProperty":{"@type":"FlowProperty","@id":"93a60a56-a3c8-11da-a746-0800200b9a66","name":"Mass","category":"Technical flow properties","refUnit":"kg"},"conversionFactor":1.0},{"@type":"FlowPropertyFactor","flowProperty":{"@type":"FlowProperty","@id":"93a60a56-a3c8-22da-a746-0800200c9a66","name":"Volume","category":"Technical flow properties","refUnit":"m3"},"conversionFactor":9.756E-4}]}