{"@type":"Flow","@id":"6a2da06a-6879-3d55-8874-6e3d7326f8f7","name":"Imazethapyr, ammonium salt","description":"From FedElemFlowList_1.0.2. Flow Class: Chemicals. Not a preferred flow.","category":"Elementary Flows/emission/air","version":"01.00.002","lastChange":"2020-07-01T17:49:58.834Z","flowType":"ELEMENTARY_FLOW","cas":"101917-66-2","formula":"C15H22N4O3","isInfrastructureFlow":false,"flowProperties":[{"@type":"FlowPropertyFactor","isRefFlowProperty":true,"flowProperty":{"@type":"FlowProperty","@id":"93a60a56-a3c8-11da-a746-0800200b9a66","name":"Mass","category":"Technical flow properties","refUnit":"kg"},"conversionFactor":1.0}]}