{"@type":"Flow","@id":"6afb0cff-9d9c-39ab-9a45-84c94655fe53","name":"Fosetyl-Al","description":"From FedElemFlowList_1.0.3. Flow Class: Chemicals. Not a preferred flow.","category":"Elementary Flows/emission/water","version":"01.00.003","lastChange":"2020-05-01T22:03:34.897Z","flowType":"ELEMENTARY_FLOW","cas":"39148-24-8","formula":"C6H18AlO9P3","isInfrastructureFlow":false,"flowProperties":[{"@type":"FlowPropertyFactor","isRefFlowProperty":true,"flowProperty":{"@type":"FlowProperty","@id":"93a60a56-a3c8-11da-a746-0800200b9a66","name":"Mass","category":"Technical flow properties","refUnit":"kg"},"conversionFactor":1.0}]}