{"@type":"Flow","@id":"6bb273e8-5266-3370-abf0-e62427c883f4","name":"2,3,4,5,6-Pentachlorobenzenemethanol","description":"From FedElemFlowList_1.0.3. Flow Class: Chemicals. Preferred flow.","category":"Elementary Flows/emission/ground/terrestrial/forest","version":"01.00.003","lastChange":"2020-05-01T22:03:26.361Z","flowType":"ELEMENTARY_FLOW","cas":"16022-69-8","formula":"C7H3Cl5O","isInfrastructureFlow":false,"flowProperties":[{"@type":"FlowPropertyFactor","isRefFlowProperty":true,"flowProperty":{"@type":"FlowProperty","@id":"93a60a56-a3c8-11da-a746-0800200b9a66","name":"Mass","category":"Technical flow properties","refUnit":"kg"},"conversionFactor":1.0}]}