{"@type":"Flow","@id":"6ca13c04-b9bb-363e-9072-a0057a85c8b3","name":"Sethoxydim","description":"From FedElemFlowList_1.0.3. Flow Class: Chemicals. Not a preferred flow.","category":"Elementary Flows/emission/air","version":"01.00.003","lastChange":"2020-05-01T22:03:19.764Z","flowType":"ELEMENTARY_FLOW","cas":"74051-80-2","formula":"C17H29NO3S","isInfrastructureFlow":false,"flowProperties":[{"@type":"FlowPropertyFactor","isRefFlowProperty":true,"flowProperty":{"@type":"FlowProperty","@id":"93a60a56-a3c8-11da-a746-0800200b9a66","name":"Mass","category":"Technical flow properties","refUnit":"kg"},"conversionFactor":1.0}]}