{"@type":"Flow","@id":"6d4fdfb9-0f99-382f-9ca2-9d25e972d283","name":"Kaolinite","description":"From FedElemFlowList_1.0.3. Flow Class: Geological. Preferred flow.","category":"Elementary Flows/resource/ground","version":"01.00.003","lastChange":"2020-05-01T22:03:39.188Z","flowType":"ELEMENTARY_FLOW","cas":"1318-74-7","formula":"Al2(Si2O5)(OH)4","isInfrastructureFlow":false,"flowProperties":[{"@type":"FlowPropertyFactor","isRefFlowProperty":true,"flowProperty":{"@type":"FlowProperty","@id":"93a60a56-a3c8-11da-a746-0800200b9a66","name":"Mass","category":"Technical flow properties","refUnit":"kg"},"conversionFactor":1.0}]}