{"@type":"Flow","@id":"6fca43a7-13fb-315d-a184-8af7d40ff1d3","name":"Iron ore","description":"From FedElemFlowList_1.0.2. Flow Class: Geological. Not a preferred flow.","category":"Elementary Flows/resource/ground","version":"01.00.002","lastChange":"2020-07-01T17:51:40.660Z","flowType":"ELEMENTARY_FLOW","cas":"7439-89-6","formula":"FeX","isInfrastructureFlow":false,"flowProperties":[{"@type":"FlowPropertyFactor","isRefFlowProperty":true,"flowProperty":{"@type":"FlowProperty","@id":"93a60a56-a3c8-11da-a746-0800200b9a66","name":"Mass","category":"Technical flow properties","refUnit":"kg"},"conversionFactor":1.0}]}