{"@type":"Flow","@id":"7281eef5-e25d-3627-bf90-fd7a71594bdf","name":"Potassium 1-naphthaleneacetate","description":"From FedElemFlowList_1.0.2. Flow Class: Chemicals. Not a preferred flow.","category":"Elementary Flows/emission/air","version":"01.00.002","lastChange":"2020-07-01T17:50:04.262Z","flowType":"ELEMENTARY_FLOW","cas":"15165-79-4","formula":"C12H9KO2","isInfrastructureFlow":false,"flowProperties":[{"@type":"FlowPropertyFactor","isRefFlowProperty":true,"flowProperty":{"@type":"FlowProperty","@id":"93a60a56-a3c8-11da-a746-0800200b9a66","name":"Mass","category":"Technical flow properties","refUnit":"kg"},"conversionFactor":1.0}]}