{"@type":"Flow","@id":"7296274e-6460-385a-96cf-454cf8dfc2e3","name":"Mercury, [.mu.-[[3,3\u0027-methylenebis[2-naphthalenesulfonato-.kappa.O]](2-)]]diphenyldi-","description":"From FedElemFlowList_1.0.3. Flow Class: Chemicals. Not a preferred flow.","category":"Elementary Flows/emission/ground/human-dominated/agricultural","version":"01.00.003","lastChange":"2020-05-01T22:03:30.139Z","flowType":"ELEMENTARY_FLOW","cas":"14235-86-0","formula":"-","isInfrastructureFlow":false,"flowProperties":[{"@type":"FlowPropertyFactor","isRefFlowProperty":true,"flowProperty":{"@type":"FlowProperty","@id":"93a60a56-a3c8-11da-a746-0800200b9a66","name":"Mass","category":"Technical flow properties","refUnit":"kg"},"conversionFactor":1.0}]}