{"@type":"Flow","@id":"7450b24a-d06f-3f00-a290-0f82343b3c33","name":"Nitroglycerin","description":"From FedElemFlowList_1.0.3. Flow Class: Chemicals. Not a preferred flow.","category":"Elementary Flows/emission/ground","version":"01.00.003","lastChange":"2020-05-01T22:03:27.912Z","flowType":"ELEMENTARY_FLOW","cas":"55-63-0","formula":"C3H5N3O9","isInfrastructureFlow":false,"flowProperties":[{"@type":"FlowPropertyFactor","isRefFlowProperty":true,"flowProperty":{"@type":"FlowProperty","@id":"93a60a56-a3c8-11da-a746-0800200b9a66","name":"Mass","category":"Technical flow properties","refUnit":"kg"},"conversionFactor":1.0}]}