{"@type":"Flow","@id":"7589eb07-b0bf-3fe3-84c7-7a66e0c3d437","name":"Tembotrione","description":"From FedElemFlowList_1.0.2. Flow Class: Chemicals. Not a preferred flow.","category":"Elementary Flows/emission/water","version":"01.00.002","lastChange":"2020-07-01T17:51:18.197Z","flowType":"ELEMENTARY_FLOW","cas":"335104-84-2","formula":"C17H16ClF3O6S","isInfrastructureFlow":false,"flowProperties":[{"@type":"FlowPropertyFactor","isRefFlowProperty":true,"flowProperty":{"@type":"FlowProperty","@id":"93a60a56-a3c8-11da-a746-0800200b9a66","name":"Mass","category":"Technical flow properties","refUnit":"kg"},"conversionFactor":1.0}]}