{"@type":"Flow","@id":"773db9dd-b18c-3b11-98ff-eda321c69a67","name":"Nicosulfuron","description":"From FedElemFlowList_1.0.3. Flow Class: Chemicals. Not a preferred flow.","category":"Elementary Flows/emission/air","version":"01.00.003","lastChange":"2020-05-01T22:03:14.672Z","flowType":"ELEMENTARY_FLOW","cas":"111991-09-4","formula":"C15H18N6O6S","isInfrastructureFlow":false,"flowProperties":[{"@type":"FlowPropertyFactor","isRefFlowProperty":true,"flowProperty":{"@type":"FlowProperty","@id":"93a60a56-a3c8-11da-a746-0800200b9a66","name":"Mass","category":"Technical flow properties","refUnit":"kg"},"conversionFactor":1.0}]}