{"@type":"Flow","@id":"7c4a3f48-1c40-3e90-a978-979bde86759d","name":"Acrolein","description":"From FedElemFlowList_1.0.3. Flow Class: Chemicals. Not a preferred flow.","category":"Elementary Flows/emission/water","version":"01.00.003","lastChange":"2020-05-01T22:03:32.519Z","flowType":"ELEMENTARY_FLOW","cas":"107-02-8","formula":"C3H4O","isInfrastructureFlow":false,"flowProperties":[{"@type":"FlowPropertyFactor","isRefFlowProperty":true,"flowProperty":{"@type":"FlowProperty","@id":"93a60a56-a3c8-11da-a746-0800200b9a66","name":"Mass","category":"Technical flow properties","refUnit":"kg"},"conversionFactor":1.0}]}