{"@type":"Flow","@id":"7ccea28f-7417-3533-ba59-a21f92f6ade3","name":"1-Naphthaleneacetic acid sodium salt","description":"From FedElemFlowList_1.0.2. Flow Class: Chemicals. Not a preferred flow.","category":"Elementary Flows/emission/water","version":"01.00.002","lastChange":"2020-07-01T17:51:22.779Z","flowType":"ELEMENTARY_FLOW","cas":"61-31-4","formula":"C12H9NaO2","isInfrastructureFlow":false,"flowProperties":[{"@type":"FlowPropertyFactor","isRefFlowProperty":true,"flowProperty":{"@type":"FlowProperty","@id":"93a60a56-a3c8-11da-a746-0800200b9a66","name":"Mass","category":"Technical flow properties","refUnit":"kg"},"conversionFactor":1.0}]}