{"@type":"Flow","@id":"8348e189-84d2-37f6-96b2-09ea6476d995","name":"Dichlorprop","description":"From FedElemFlowList_1.0.3. Flow Class: Chemicals. Not a preferred flow.","category":"Elementary Flows/emission/air","version":"01.00.003","lastChange":"2020-05-01T22:03:15.002Z","flowType":"ELEMENTARY_FLOW","cas":"120-36-5","formula":"C9H8Cl2O3","isInfrastructureFlow":false,"flowProperties":[{"@type":"FlowPropertyFactor","isRefFlowProperty":true,"flowProperty":{"@type":"FlowProperty","@id":"93a60a56-a3c8-11da-a746-0800200b9a66","name":"Mass","category":"Technical flow properties","refUnit":"kg"},"conversionFactor":1.0}]}