{"@type":"Flow","@id":"834ba2e5-efe3-392c-9e41-b284fb9b41e0","name":"Picric acid","description":"From FedElemFlowList_1.0.3. Flow Class: Chemicals. Not a preferred flow.","category":"Elementary Flows/emission/air/troposphere/urban","version":"01.00.003","lastChange":"2020-05-01T22:03:20.876Z","flowType":"ELEMENTARY_FLOW","cas":"88-89-1","formula":"C6H3N3O7","isInfrastructureFlow":false,"flowProperties":[{"@type":"FlowPropertyFactor","isRefFlowProperty":true,"flowProperty":{"@type":"FlowProperty","@id":"93a60a56-a3c8-11da-a746-0800200b9a66","name":"Mass","category":"Technical flow properties","refUnit":"kg"},"conversionFactor":1.0}]}