{"@type":"Flow","@id":"8901d568-7a6e-3451-8199-bec7dc1f9afd","name":"Bis(2-chloroethoxy)methane","description":"From FedElemFlowList_1.0.3. Flow Class: Chemicals. Not a preferred flow.","category":"Elementary Flows/emission/air","version":"01.00.003","lastChange":"2020-05-01T22:03:14.667Z","flowType":"ELEMENTARY_FLOW","cas":"111-91-1","formula":"C5H10Cl2O2","isInfrastructureFlow":false,"flowProperties":[{"@type":"FlowPropertyFactor","isRefFlowProperty":true,"flowProperty":{"@type":"FlowProperty","@id":"93a60a56-a3c8-11da-a746-0800200b9a66","name":"Mass","category":"Technical flow properties","refUnit":"kg"},"conversionFactor":1.0}]}