{"@type":"Flow","@id":"8953292b-0a83-3266-a567-295f716600df","name":"1,2,3,7,8-Pentachlorodibenzo-p-dioxin","description":"From FedElemFlowList_1.0.3. Flow Class: Chemicals. Not a preferred flow.","category":"Elementary Flows/emission/water","version":"01.00.003","lastChange":"2020-05-01T22:03:34.928Z","flowType":"ELEMENTARY_FLOW","cas":"40321-76-4","formula":"C12H3Cl5O2","isInfrastructureFlow":false,"flowProperties":[{"@type":"FlowPropertyFactor","isRefFlowProperty":true,"flowProperty":{"@type":"FlowProperty","@id":"93a60a56-a3c8-11da-a746-0800200b9a66","name":"Mass","category":"Technical flow properties","refUnit":"kg"},"conversionFactor":1.0}]}