{"@type":"Flow","@id":"8982c766-9799-34c0-bc09-7a88808fc68b","name":"Dibenz[a,j]acridine","description":"From FedElemFlowList_1.0.2. Flow Class: Chemicals. Not a preferred flow.","category":"Elementary Flows/emission/air","version":"01.00.002","lastChange":"2020-07-01T17:50:18.484Z","flowType":"ELEMENTARY_FLOW","cas":"224-42-0","formula":"C21H13N","isInfrastructureFlow":false,"flowProperties":[{"@type":"FlowPropertyFactor","isRefFlowProperty":true,"flowProperty":{"@type":"FlowProperty","@id":"93a60a56-a3c8-11da-a746-0800200b9a66","name":"Mass","category":"Technical flow properties","refUnit":"kg"},"conversionFactor":1.0}]}