{"@type":"Flow","@id":"8c1d3916-6435-33d8-b11d-a66fc6e71162","name":"Xenon-131m","description":"From FedElemFlowList_1.0.3. Flow Class: Chemicals. Not a preferred flow.","category":"Elementary Flows/emission/air","version":"01.00.003","lastChange":"2020-05-01T22:03:22.924Z","flowType":"ELEMENTARY_FLOW","cas":"378784-67-9","formula":"-","isInfrastructureFlow":false,"flowProperties":[{"@type":"FlowPropertyFactor","flowProperty":{"@type":"FlowProperty","@id":"93a60a56-a3c8-11da-a746-0800200b9a66","name":"Mass","category":"Technical flow properties","refUnit":"kg"},"conversionFactor":3.23E-16},{"@type":"FlowPropertyFactor","isRefFlowProperty":true,"flowProperty":{"@type":"FlowProperty","@id":"93a60a56-a3c8-17da-a746-0800200c9a66","name":"Radioactivity","category":"Technical flow properties","refUnit":"kBq"},"conversionFactor":1.0}]}