{"@type":"Flow","@id":"8e00a2f5-eecf-3537-bcf0-b052a5195976","name":"Dimethyl methylphosphonate","description":"From FedElemFlowList_1.0.3. Flow Class: Chemicals. Not a preferred flow.","category":"Elementary Flows/emission/air/stratosphere","version":"01.00.003","lastChange":"2020-05-01T22:03:19.904Z","flowType":"ELEMENTARY_FLOW","cas":"756-79-6","formula":"C3H9O3P","isInfrastructureFlow":false,"flowProperties":[{"@type":"FlowPropertyFactor","isRefFlowProperty":true,"flowProperty":{"@type":"FlowProperty","@id":"93a60a56-a3c8-11da-a746-0800200b9a66","name":"Mass","category":"Technical flow properties","refUnit":"kg"},"conversionFactor":1.0}]}