{"@type":"Flow","@id":"9078720f-64d5-3915-b2f0-6be43f636c52","name":"Fenoxaprop-P-ethyl","description":"From FedElemFlowList_1.0.3. Flow Class: Chemicals. Not a preferred flow.","category":"Elementary Flows/emission/air","version":"01.00.003","lastChange":"2020-05-01T22:03:19.684Z","flowType":"ELEMENTARY_FLOW","cas":"71283-80-2","formula":"C18H16ClNO5","isInfrastructureFlow":false,"flowProperties":[{"@type":"FlowPropertyFactor","isRefFlowProperty":true,"flowProperty":{"@type":"FlowProperty","@id":"93a60a56-a3c8-11da-a746-0800200b9a66","name":"Mass","category":"Technical flow properties","refUnit":"kg"},"conversionFactor":1.0}]}