{"@type":"Flow","@id":"9291b2c2-e878-3471-817e-edc33f2c1c51","name":"Methylnaphthalene","description":"From FedElemFlowList_1.0.3. Flow Class: Chemicals. Not a preferred flow.","category":"Elementary Flows/emission/ground/human-dominated/industrial","version":"01.00.003","lastChange":"2020-05-01T22:03:25.975Z","flowType":"ELEMENTARY_FLOW","cas":"1321-94-4","formula":"C11H10","isInfrastructureFlow":false,"flowProperties":[{"@type":"FlowPropertyFactor","isRefFlowProperty":true,"flowProperty":{"@type":"FlowProperty","@id":"93a60a56-a3c8-11da-a746-0800200b9a66","name":"Mass","category":"Technical flow properties","refUnit":"kg"},"conversionFactor":1.0}]}