{"@type":"Flow","@id":"939fb88f-7bf5-36fe-a417-4610cf1ff3f8","name":"Pumice","description":"From FedElemFlowList_1.0.3. Flow Class: Geological. Preferred flow.","category":"Elementary Flows/resource/ground","version":"01.00.003","lastChange":"2020-05-01T22:03:39.219Z","flowType":"ELEMENTARY_FLOW","cas":"1332-09-8","isInfrastructureFlow":false,"flowProperties":[{"@type":"FlowPropertyFactor","isRefFlowProperty":true,"flowProperty":{"@type":"FlowProperty","@id":"93a60a56-a3c8-11da-a746-0800200b9a66","name":"Mass","category":"Technical flow properties","refUnit":"kg"},"conversionFactor":1.0}]}