{"@type":"Flow","@id":"941c13f5-f858-3032-a780-cb76cbdf0f54","name":"Ethylene dibromide","description":"From FedElemFlowList_1.0.3. Flow Class: Chemicals. Not a preferred flow.","category":"Elementary Flows/emission/water","version":"01.00.003","lastChange":"2020-05-01T22:03:32.509Z","flowType":"ELEMENTARY_FLOW","cas":"106-93-4","formula":"C2H4Br2","isInfrastructureFlow":false,"flowProperties":[{"@type":"FlowPropertyFactor","isRefFlowProperty":true,"flowProperty":{"@type":"FlowProperty","@id":"93a60a56-a3c8-11da-a746-0800200b9a66","name":"Mass","category":"Technical flow properties","refUnit":"kg"},"conversionFactor":1.0}]}