{"@type":"Flow","@id":"94687f0d-fc7c-3713-8ab9-079b079f7c5d","name":"Diclosulam","description":"From FedElemFlowList_1.0.2. Flow Class: Chemicals. Not a preferred flow.","category":"Elementary Flows/emission/water","version":"01.00.002","lastChange":"2020-07-01T17:51:13.444Z","flowType":"ELEMENTARY_FLOW","cas":"145701-21-9","formula":"C13H10Cl2FN5O3S","isInfrastructureFlow":false,"flowProperties":[{"@type":"FlowPropertyFactor","isRefFlowProperty":true,"flowProperty":{"@type":"FlowProperty","@id":"93a60a56-a3c8-11da-a746-0800200b9a66","name":"Mass","category":"Technical flow properties","refUnit":"kg"},"conversionFactor":1.0}]}