{"@type":"Flow","@id":"96fc6301-6b56-3b5f-a8d1-07cbc83d45ba","name":"Ethylene thiourea","description":"From FedElemFlowList_1.0.3. Flow Class: Chemicals. Not a preferred flow.","category":"Elementary Flows/emission/water","version":"01.00.003","lastChange":"2020-05-01T22:03:37.647Z","flowType":"ELEMENTARY_FLOW","cas":"96-45-7","formula":"C3H6N2S","isInfrastructureFlow":false,"flowProperties":[{"@type":"FlowPropertyFactor","isRefFlowProperty":true,"flowProperty":{"@type":"FlowProperty","@id":"93a60a56-a3c8-11da-a746-0800200b9a66","name":"Mass","category":"Technical flow properties","refUnit":"kg"},"conversionFactor":1.0}]}