{"@type":"Flow","@id":"993a81d2-10c6-390b-b2bd-899c5fed247f","name":"Pseudomonas fluorescens","description":"From FedElemFlowList_1.0.3. Flow Class: Biological. Not a preferred flow.","category":"Elementary Flows/emission/water","version":"01.00.003","lastChange":"2020-05-01T22:03:12.425Z","flowType":"ELEMENTARY_FLOW","cas":"68332-93-4","isInfrastructureFlow":false,"flowProperties":[{"@type":"FlowPropertyFactor","isRefFlowProperty":true,"flowProperty":{"@type":"FlowProperty","@id":"93a60a56-a3c8-11da-a746-0800200b9a66","name":"Mass","category":"Technical flow properties","refUnit":"kg"},"conversionFactor":1.0}]}