{"@type":"Flow","@id":"9c7e9ab2-1ec2-3090-8a09-dda359a6e53c","name":"Sulfosulfuron","description":"From FedElemFlowList_1.0.3. Flow Class: Chemicals. Not a preferred flow.","category":"Elementary Flows/emission/air","version":"01.00.003","lastChange":"2020-05-01T22:03:15.575Z","flowType":"ELEMENTARY_FLOW","cas":"141776-32-1","formula":"C16H18N6O7S2","isInfrastructureFlow":false,"flowProperties":[{"@type":"FlowPropertyFactor","isRefFlowProperty":true,"flowProperty":{"@type":"FlowProperty","@id":"93a60a56-a3c8-11da-a746-0800200b9a66","name":"Mass","category":"Technical flow properties","refUnit":"kg"},"conversionFactor":1.0}]}