{"@type":"Flow","@id":"9df3c7fd-e0f3-3708-8582-3ea3a068b9fd","name":"Pyrimethanil","description":"From FedElemFlowList_1.0.3. Flow Class: Chemicals. Not a preferred flow.","category":"Elementary Flows/emission/air","version":"01.00.003","lastChange":"2020-05-01T22:03:18.047Z","flowType":"ELEMENTARY_FLOW","cas":"53112-28-0","formula":"C12H13N3","isInfrastructureFlow":false,"flowProperties":[{"@type":"FlowPropertyFactor","isRefFlowProperty":true,"flowProperty":{"@type":"FlowProperty","@id":"93a60a56-a3c8-11da-a746-0800200b9a66","name":"Mass","category":"Technical flow properties","refUnit":"kg"},"conversionFactor":1.0}]}