{"@type":"Flow","@id":"9f723736-35c3-4218-8dbe-a1331f56be46","name":"Light fuel oil","category":"Third party Flows/Valuable substances/Energy carrier/Fuels/Crude oil products/Refinery products","version":"00.00.000","flowType":"PRODUCT_FLOW","isInfrastructureFlow":false,"flowProperties":[{"@type":"FlowPropertyFactor","isRefFlowProperty":true,"flowProperty":{"@type":"FlowProperty","@id":"93a60a56-a3c8-11da-a746-0800200b9a66","name":"Mass","category":"Technical flow properties","refUnit":"kg"},"conversionFactor":1.0}]}