{"@type":"Flow","@id":"a1404991-b9ed-3fd3-829c-25514dcd738f","name":"3\u0027-Azido-3\u0027-deoxythymidine","description":"From FedElemFlowList_1.0.3. Flow Class: Chemicals. Not a preferred flow.","category":"Elementary Flows/emission/ground/human-dominated/agricultural","version":"01.00.003","lastChange":"2020-05-01T22:03:24.149Z","flowType":"ELEMENTARY_FLOW","cas":"30516-87-1","formula":"C10H13N5O4","isInfrastructureFlow":false,"flowProperties":[{"@type":"FlowPropertyFactor","isRefFlowProperty":true,"flowProperty":{"@type":"FlowProperty","@id":"93a60a56-a3c8-11da-a746-0800200b9a66","name":"Mass","category":"Technical flow properties","refUnit":"kg"},"conversionFactor":1.0}]}