{"@type":"Flow","@id":"a1a29fdd-37b3-306c-8ac0-c80f48e8c32f","name":"Acetamide, 2,2-dichloro-","description":"From FedElemFlowList_1.0.3. Flow Class: Chemicals. Not a preferred flow.","category":"Elementary Flows/emission/water/fresh water body/river","version":"01.00.003","lastChange":"2020-05-01T22:03:36.229Z","flowType":"ELEMENTARY_FLOW","cas":"683-72-7","formula":"C2H3Cl2NO","isInfrastructureFlow":false,"flowProperties":[{"@type":"FlowPropertyFactor","isRefFlowProperty":true,"flowProperty":{"@type":"FlowProperty","@id":"93a60a56-a3c8-11da-a746-0800200b9a66","name":"Mass","category":"Technical flow properties","refUnit":"kg"},"conversionFactor":1.0}]}