{"@type":"Flow","@id":"a3cc2a91-9099-34fc-9687-2e7bd7e6f2cb","name":"Clothianidin","description":"From FedElemFlowList_1.0.2. Flow Class: Chemicals. Not a preferred flow.","category":"Elementary Flows/emission/air","version":"01.00.002","lastChange":"2020-07-01T17:50:05.494Z","flowType":"ELEMENTARY_FLOW","cas":"210880-92-5","formula":"C6H8ClN5O2S","isInfrastructureFlow":false,"flowProperties":[{"@type":"FlowPropertyFactor","isRefFlowProperty":true,"flowProperty":{"@type":"FlowProperty","@id":"93a60a56-a3c8-11da-a746-0800200b9a66","name":"Mass","category":"Technical flow properties","refUnit":"kg"},"conversionFactor":1.0}]}