{"@type":"Flow","@id":"a6521bc6-8116-35ae-ae25-2b9a8b0fb913","name":"Benzene, (2-isothiocyanatoethyl)-","description":"From FedElemFlowList_1.0.3. Flow Class: Chemicals. Not a preferred flow.","category":"Elementary Flows/emission/ground/human-dominated/industrial","version":"01.00.003","lastChange":"2020-05-01T22:03:24.559Z","flowType":"ELEMENTARY_FLOW","cas":"2257-09-2","formula":"C9H9NS","isInfrastructureFlow":false,"flowProperties":[{"@type":"FlowPropertyFactor","isRefFlowProperty":true,"flowProperty":{"@type":"FlowProperty","@id":"93a60a56-a3c8-11da-a746-0800200b9a66","name":"Mass","category":"Technical flow properties","refUnit":"kg"},"conversionFactor":1.0}]}