{"@type":"Flow","@id":"a6a3f554-502b-3952-be02-f172c1df55f5","name":"Calcium carbonate","description":"From FedElemFlowList_1.0.3. Flow Class: Geological. Not a preferred flow.","category":"Elementary Flows/resource/ground","version":"01.00.003","lastChange":"2020-05-01T22:03:39.157Z","flowType":"ELEMENTARY_FLOW","cas":"471-34-1","formula":"Ca(CO3)","isInfrastructureFlow":false,"flowProperties":[{"@type":"FlowPropertyFactor","isRefFlowProperty":true,"flowProperty":{"@type":"FlowProperty","@id":"93a60a56-a3c8-11da-a746-0800200b9a66","name":"Mass","category":"Technical flow properties","refUnit":"kg"},"conversionFactor":1.0}]}