{"@type":"Flow","@id":"a8df874e-b8a2-331b-93bd-0a36c4b3019d","name":"Flucarbazon-sodium","description":"From FedElemFlowList_1.0.2. Flow Class: Chemicals. Not a preferred flow.","category":"Elementary Flows/emission/water","version":"01.00.002","lastChange":"2020-07-01T17:51:14.606Z","flowType":"ELEMENTARY_FLOW","cas":"181274-17-9","formula":"C12H10F3N4NaO6S","isInfrastructureFlow":false,"flowProperties":[{"@type":"FlowPropertyFactor","isRefFlowProperty":true,"flowProperty":{"@type":"FlowProperty","@id":"93a60a56-a3c8-11da-a746-0800200b9a66","name":"Mass","category":"Technical flow properties","refUnit":"kg"},"conversionFactor":1.0}]}