{"@type":"Flow","@id":"aa6d2641-f36a-3775-8d1c-b3354d4c2726","name":"Tris(2,3-dibromopropyl) phosphate","description":"From FedElemFlowList_1.0.3. Flow Class: Chemicals. Not a preferred flow.","category":"Elementary Flows/emission/air/troposphere/rural","version":"01.00.003","lastChange":"2020-05-01T22:03:15.237Z","flowType":"ELEMENTARY_FLOW","cas":"126-72-7","formula":"C9H15Br6O4P","isInfrastructureFlow":false,"flowProperties":[{"@type":"FlowPropertyFactor","isRefFlowProperty":true,"flowProperty":{"@type":"FlowProperty","@id":"93a60a56-a3c8-11da-a746-0800200b9a66","name":"Mass","category":"Technical flow properties","refUnit":"kg"},"conversionFactor":1.0}]}