{"@type":"Flow","@id":"acb2bb27-c4d9-3a7d-989c-9b907a0c49a3","name":"Hexachlorocyclopentadiene","description":"From FedElemFlowList_1.0.3. Flow Class: Chemicals. Not a preferred flow.","category":"Elementary Flows/emission/water","version":"01.00.003","lastChange":"2020-05-01T22:03:36.691Z","flowType":"ELEMENTARY_FLOW","cas":"77-47-4","formula":"C5Cl6","isInfrastructureFlow":false,"flowProperties":[{"@type":"FlowPropertyFactor","isRefFlowProperty":true,"flowProperty":{"@type":"FlowProperty","@id":"93a60a56-a3c8-11da-a746-0800200b9a66","name":"Mass","category":"Technical flow properties","refUnit":"kg"},"conversionFactor":1.0}]}