{"@type":"Flow","@id":"b0e46dc9-3a43-3b7a-a6df-d62308d7275e","name":"Benzo[ghi]perylene","description":"From FedElemFlowList_1.0.3. Flow Class: Chemicals. Not a preferred flow.","category":"Elementary Flows/emission/ground","version":"01.00.003","lastChange":"2020-05-01T22:03:30.154Z","flowType":"ELEMENTARY_FLOW","cas":"191-24-2","formula":"C22H12","isInfrastructureFlow":false,"flowProperties":[{"@type":"FlowPropertyFactor","isRefFlowProperty":true,"flowProperty":{"@type":"FlowProperty","@id":"93a60a56-a3c8-11da-a746-0800200b9a66","name":"Mass","category":"Technical flow properties","refUnit":"kg"},"conversionFactor":1.0}]}