{"@type":"Flow","@id":"b5396e0b-2dd1-32e1-ab4f-ef11a7af2db2","name":"Trichlorfon","description":"From FedElemFlowList_1.0.3. Flow Class: Chemicals. Not a preferred flow.","category":"Elementary Flows/emission/air","version":"01.00.003","lastChange":"2020-05-01T22:03:18.028Z","flowType":"ELEMENTARY_FLOW","cas":"52-68-6","formula":"C4H8Cl3O4P","isInfrastructureFlow":false,"flowProperties":[{"@type":"FlowPropertyFactor","isRefFlowProperty":true,"flowProperty":{"@type":"FlowProperty","@id":"93a60a56-a3c8-11da-a746-0800200b9a66","name":"Mass","category":"Technical flow properties","refUnit":"kg"},"conversionFactor":1.0}]}