{"@type":"Flow","@id":"b7643fb5-0299-371b-b148-3e24ab1c469e","name":"Molybdenum","description":"From FedElemFlowList_1.0.3. Flow Class: Chemicals. Not a preferred flow.","category":"Elementary Flows/resource/ground","version":"01.00.003","lastChange":"2020-05-01T22:03:39.072Z","flowType":"ELEMENTARY_FLOW","cas":"7439-98-7","formula":"Mo","isInfrastructureFlow":false,"flowProperties":[{"@type":"FlowPropertyFactor","isRefFlowProperty":true,"flowProperty":{"@type":"FlowProperty","@id":"93a60a56-a3c8-11da-a746-0800200b9a66","name":"Mass","category":"Technical flow properties","refUnit":"kg"},"conversionFactor":1.0}]}