{"@type":"Flow","@id":"b7af9edf-322e-3a38-90eb-4cf737b3e50a","name":"MCPA-isooctyl","description":"From FedElemFlowList_1.0.2. Flow Class: Chemicals. Not a preferred flow.","category":"Elementary Flows/emission/water","version":"01.00.002","lastChange":"2020-07-01T17:51:16.928Z","flowType":"ELEMENTARY_FLOW","cas":"26544-20-7","formula":"-","isInfrastructureFlow":false,"flowProperties":[{"@type":"FlowPropertyFactor","isRefFlowProperty":true,"flowProperty":{"@type":"FlowProperty","@id":"93a60a56-a3c8-11da-a746-0800200b9a66","name":"Mass","category":"Technical flow properties","refUnit":"kg"},"conversionFactor":1.0}]}