{"@type":"Flow","@id":"b84c05a3-ea17-37b4-ba8a-094efbb2a3f6","name":"Sulfur","description":"From FedElemFlowList_1.0.3. Flow Class: Chemicals. Not a preferred flow.","category":"Elementary Flows/resource/ground","version":"01.00.003","lastChange":"2020-05-01T22:03:39.025Z","flowType":"ELEMENTARY_FLOW","cas":"7704-34-9","formula":"S","isInfrastructureFlow":false,"flowProperties":[{"@type":"FlowPropertyFactor","isRefFlowProperty":true,"flowProperty":{"@type":"FlowProperty","@id":"93a60a56-a3c8-11da-a746-0800200b9a66","name":"Mass","category":"Technical flow properties","refUnit":"kg"},"conversionFactor":1.0}]}