{"@type":"Flow","@id":"bb5a55bb-ceba-35be-930c-3f3baa0eaf9d","name":"3-Amino-5,6-dimethyl-1,2,4-triazine","description":"From FedElemFlowList_1.0.3. Flow Class: Chemicals. Not a preferred flow.","category":"Elementary Flows/emission/water","version":"01.00.003","lastChange":"2020-05-01T22:03:34.057Z","flowType":"ELEMENTARY_FLOW","cas":"17584-12-2","formula":"C5H8N4","isInfrastructureFlow":false,"flowProperties":[{"@type":"FlowPropertyFactor","isRefFlowProperty":true,"flowProperty":{"@type":"FlowProperty","@id":"93a60a56-a3c8-11da-a746-0800200b9a66","name":"Mass","category":"Technical flow properties","refUnit":"kg"},"conversionFactor":1.0}]}