{"@type":"Flow","@id":"bca2fd5a-2837-3842-9786-3107b6775951","name":"1,1,2-Trichloroethane","description":"From FedElemFlowList_1.0.3. Flow Class: Chemicals. Not a preferred flow.","category":"Elementary Flows/emission/air/troposphere/urban","version":"01.00.003","lastChange":"2020-05-01T22:03:20.138Z","flowType":"ELEMENTARY_FLOW","cas":"79-00-5","formula":"C2H3Cl3","isInfrastructureFlow":false,"flowProperties":[{"@type":"FlowPropertyFactor","isRefFlowProperty":true,"flowProperty":{"@type":"FlowProperty","@id":"93a60a56-a3c8-11da-a746-0800200b9a66","name":"Mass","category":"Technical flow properties","refUnit":"kg"},"conversionFactor":1.0}]}