{"@type":"Flow","@id":"bf5315db-0443-3c49-b072-c37824b4808d","name":"Tribromomethane","description":"From FedElemFlowList_1.0.3. Flow Class: Chemicals. Not a preferred flow.","category":"Elementary Flows/emission/water","version":"01.00.003","lastChange":"2020-05-01T22:03:36.541Z","flowType":"ELEMENTARY_FLOW","cas":"75-25-2","formula":"CHBr3","isInfrastructureFlow":false,"flowProperties":[{"@type":"FlowPropertyFactor","isRefFlowProperty":true,"flowProperty":{"@type":"FlowProperty","@id":"93a60a56-a3c8-11da-a746-0800200b9a66","name":"Mass","category":"Technical flow properties","refUnit":"kg"},"conversionFactor":1.0}]}