{"@type":"Flow","@id":"c11b4748-31e6-331a-8c7a-a75f91e15580","name":"Aggregate","description":"From FedElemFlowList_1.0.2. Flow Class: Geological. Not a preferred flow.","category":"Elementary Flows/resource/ground","version":"01.00.002","lastChange":"2020-07-01T17:51:40.526Z","flowType":"ELEMENTARY_FLOW","isInfrastructureFlow":false,"flowProperties":[{"@type":"FlowPropertyFactor","isRefFlowProperty":true,"flowProperty":{"@type":"FlowProperty","@id":"93a60a56-a3c8-11da-a746-0800200b9a66","name":"Mass","category":"Technical flow properties","refUnit":"kg"},"conversionFactor":1.0}]}