{"@type":"Flow","@id":"c1bc287f-6b05-3342-ad5b-d09d3b0ef8bc","name":"Halosulfuron","description":"From FedElemFlowList_1.0.2. Flow Class: Chemicals. Not a preferred flow.","category":"Elementary Flows/emission/air","version":"01.00.002","lastChange":"2020-07-01T17:49:55.623Z","flowType":"ELEMENTARY_FLOW","cas":"135397-30-7","formula":"C12H13ClN6O7S","isInfrastructureFlow":false,"flowProperties":[{"@type":"FlowPropertyFactor","isRefFlowProperty":true,"flowProperty":{"@type":"FlowProperty","@id":"93a60a56-a3c8-11da-a746-0800200b9a66","name":"Mass","category":"Technical flow properties","refUnit":"kg"},"conversionFactor":1.0}]}