{"@type":"Flow","@id":"c263da32-6ab8-349b-8c5b-67e2e1f4bd9d","name":"Myclobutanil","description":"From FedElemFlowList_1.0.3. Flow Class: Chemicals. Not a preferred flow.","category":"Elementary Flows/emission/water","version":"01.00.003","lastChange":"2020-05-01T22:03:37.297Z","flowType":"ELEMENTARY_FLOW","cas":"88671-89-0","formula":"C15H17ClN4","isInfrastructureFlow":false,"flowProperties":[{"@type":"FlowPropertyFactor","isRefFlowProperty":true,"flowProperty":{"@type":"FlowProperty","@id":"93a60a56-a3c8-11da-a746-0800200b9a66","name":"Mass","category":"Technical flow properties","refUnit":"kg"},"conversionFactor":1.0}]}