{"@type":"Flow","@id":"c5744818-48d8-3012-81db-160bdb62901d","name":"Bromoxynil heptanoate","description":"From FedElemFlowList_1.0.3. Flow Class: Chemicals. Not a preferred flow.","category":"Elementary Flows/emission/water","version":"01.00.003","lastChange":"2020-05-01T22:03:35.443Z","flowType":"ELEMENTARY_FLOW","cas":"56634-95-8","formula":"C14H15Br2NO2","isInfrastructureFlow":false,"flowProperties":[{"@type":"FlowPropertyFactor","isRefFlowProperty":true,"flowProperty":{"@type":"FlowProperty","@id":"93a60a56-a3c8-11da-a746-0800200b9a66","name":"Mass","category":"Technical flow properties","refUnit":"kg"},"conversionFactor":1.0}]}