{"@type":"Flow","@id":"c60dcead-4e5d-3463-97d8-be23d09bc504","name":"Iodine","description":"From FedElemFlowList_1.0.2. Flow Class: Chemicals. Not a preferred flow.","category":"Elementary Flows/emission/water","version":"01.00.002","lastChange":"2020-07-01T17:51:35.047Z","flowType":"ELEMENTARY_FLOW","cas":"7553-56-2","formula":"I2","isInfrastructureFlow":false,"flowProperties":[{"@type":"FlowPropertyFactor","isRefFlowProperty":true,"flowProperty":{"@type":"FlowProperty","@id":"93a60a56-a3c8-11da-a746-0800200b9a66","name":"Mass","category":"Technical flow properties","refUnit":"kg"},"conversionFactor":1.0}]}