{"@type":"Flow","@id":"c7dfc410-23e2-352a-a172-e57112388ecf","name":"4,4\u0027-Methylenedianiline","description":"From FedElemFlowList_1.0.3. Flow Class: Chemicals. Not a preferred flow.","category":"Elementary Flows/emission/air","version":"01.00.003","lastChange":"2020-05-01T22:03:13.556Z","flowType":"ELEMENTARY_FLOW","cas":"101-77-9","formula":"C13H14N2","isInfrastructureFlow":false,"flowProperties":[{"@type":"FlowPropertyFactor","isRefFlowProperty":true,"flowProperty":{"@type":"FlowProperty","@id":"93a60a56-a3c8-11da-a746-0800200b9a66","name":"Mass","category":"Technical flow properties","refUnit":"kg"},"conversionFactor":1.0}]}