{"@type":"Flow","@id":"cb8f8925-a811-38ff-b19f-85377dc28de0","name":"Cobalt","description":"From FedElemFlowList_1.0.3. Flow Class: Chemicals. Not a preferred flow.","category":"Elementary Flows/emission/ground","version":"01.00.003","lastChange":"2020-05-01T22:03:28.986Z","flowType":"ELEMENTARY_FLOW","cas":"7440-48-4","formula":"Co","isInfrastructureFlow":false,"flowProperties":[{"@type":"FlowPropertyFactor","isRefFlowProperty":true,"flowProperty":{"@type":"FlowProperty","@id":"93a60a56-a3c8-11da-a746-0800200b9a66","name":"Mass","category":"Technical flow properties","refUnit":"kg"},"conversionFactor":1.0}]}