{"@type":"Flow","@id":"cc6e343d-b2e6-38f2-bdf8-21a23e49ee97","name":"Kyanite","description":"From FedElemFlowList_1.0.3. Flow Class: Geological. Preferred flow.","category":"Elementary Flows/resource/ground","version":"01.00.003","lastChange":"2020-05-01T22:03:39.188Z","flowType":"ELEMENTARY_FLOW","cas":"1302-76-7","formula":"Al2(SiO4)O","isInfrastructureFlow":false,"flowProperties":[{"@type":"FlowPropertyFactor","isRefFlowProperty":true,"flowProperty":{"@type":"FlowProperty","@id":"93a60a56-a3c8-11da-a746-0800200b9a66","name":"Mass","category":"Technical flow properties","refUnit":"kg"},"conversionFactor":1.0}]}