{"@type":"Flow","@id":"cd65c98c-9c3a-3815-817d-e5e05f4a05e9","name":"Spirotetramat","description":"From FedElemFlowList_1.0.2. Flow Class: Chemicals. Not a preferred flow.","category":"Elementary Flows/emission/air","version":"01.00.002","lastChange":"2020-07-01T17:49:55.903Z","flowType":"ELEMENTARY_FLOW","cas":"203313-25-1","formula":"C21H27NO5","isInfrastructureFlow":false,"flowProperties":[{"@type":"FlowPropertyFactor","isRefFlowProperty":true,"flowProperty":{"@type":"FlowProperty","@id":"93a60a56-a3c8-11da-a746-0800200b9a66","name":"Mass","category":"Technical flow properties","refUnit":"kg"},"conversionFactor":1.0}]}