{"@type":"Flow","@id":"cd8b8114-52ed-3963-9a4d-7c375fe951b4","name":"Chlorpyrifos","description":"From FedElemFlowList_1.0.3. Flow Class: Chemicals. Not a preferred flow.","category":"Elementary Flows/emission/water","version":"01.00.003","lastChange":"2020-05-01T22:03:34.643Z","flowType":"ELEMENTARY_FLOW","cas":"2921-88-2","formula":"C9H11Cl3NO3PS","isInfrastructureFlow":false,"flowProperties":[{"@type":"FlowPropertyFactor","isRefFlowProperty":true,"flowProperty":{"@type":"FlowProperty","@id":"93a60a56-a3c8-11da-a746-0800200b9a66","name":"Mass","category":"Technical flow properties","refUnit":"kg"},"conversionFactor":1.0}]}