{"@type":"Flow","@id":"d1313fb4-7ebf-32b7-a2b2-add636a5e737","name":"Methoxychlor","description":"From FedElemFlowList_1.0.3. Flow Class: Chemicals. Not a preferred flow.","category":"Elementary Flows/emission/air","version":"01.00.003","lastChange":"2020-05-01T22:03:19.724Z","flowType":"ELEMENTARY_FLOW","cas":"72-43-5","formula":"C16H15Cl3O2","isInfrastructureFlow":false,"flowProperties":[{"@type":"FlowPropertyFactor","isRefFlowProperty":true,"flowProperty":{"@type":"FlowProperty","@id":"93a60a56-a3c8-11da-a746-0800200b9a66","name":"Mass","category":"Technical flow properties","refUnit":"kg"},"conversionFactor":1.0}]}