{"@type":"Flow","@id":"d5670d34-d74c-37bd-9f67-21c884e58743","name":"Formamide, N,N-diphenyl-","description":"From FedElemFlowList_1.0.3. Flow Class: Chemicals. Not a preferred flow.","category":"Elementary Flows/emission/air/troposphere/rural","version":"01.00.003","lastChange":"2020-05-01T22:03:19.084Z","flowType":"ELEMENTARY_FLOW","cas":"607-00-1","formula":"C13H11NO","isInfrastructureFlow":false,"flowProperties":[{"@type":"FlowPropertyFactor","isRefFlowProperty":true,"flowProperty":{"@type":"FlowProperty","@id":"93a60a56-a3c8-11da-a746-0800200b9a66","name":"Mass","category":"Technical flow properties","refUnit":"kg"},"conversionFactor":1.0}]}