{"@type":"Flow","@id":"d6c64be2-9431-3df0-8d6f-921fdb6bcc15","name":"2,3,6-Trichloroanisole","description":"From FedElemFlowList_1.0.3. Flow Class: Chemicals. Not a preferred flow.","category":"Elementary Flows/emission/air/troposphere/rural","version":"01.00.003","lastChange":"2020-05-01T22:03:12.895Z","flowType":"ELEMENTARY_FLOW","cas":"50375-10-5","formula":"C7H5Cl3O","isInfrastructureFlow":false,"flowProperties":[{"@type":"FlowPropertyFactor","isRefFlowProperty":true,"flowProperty":{"@type":"FlowProperty","@id":"93a60a56-a3c8-11da-a746-0800200b9a66","name":"Mass","category":"Technical flow properties","refUnit":"kg"},"conversionFactor":1.0}]}