{"@type":"Flow","@id":"dbe21b3c-0353-3dae-a5f2-a51870abfdfd","name":"2,6-Diisopropylaniline","description":"From FedElemFlowList_1.0.3. Flow Class: Chemicals. Preferred flow.","category":"Elementary Flows/emission/ground/terrestrial/forest","version":"01.00.003","lastChange":"2020-05-01T22:03:26.824Z","flowType":"ELEMENTARY_FLOW","cas":"24544-04-5","formula":"C12H19N","isInfrastructureFlow":false,"flowProperties":[{"@type":"FlowPropertyFactor","isRefFlowProperty":true,"flowProperty":{"@type":"FlowProperty","@id":"93a60a56-a3c8-11da-a746-0800200b9a66","name":"Mass","category":"Technical flow properties","refUnit":"kg"},"conversionFactor":1.0}]}