{"@type":"Flow","@id":"dcca8290-a359-327b-a108-610e2fa2fb0e","name":"Prothioconazole","description":"From FedElemFlowList_1.0.2. Flow Class: Chemicals. Not a preferred flow.","category":"Elementary Flows/emission/air","version":"01.00.002","lastChange":"2020-07-01T17:49:55.813Z","flowType":"ELEMENTARY_FLOW","cas":"178928-70-6","formula":"C14H15Cl2N3OS","isInfrastructureFlow":false,"flowProperties":[{"@type":"FlowPropertyFactor","isRefFlowProperty":true,"flowProperty":{"@type":"FlowProperty","@id":"93a60a56-a3c8-11da-a746-0800200b9a66","name":"Mass","category":"Technical flow properties","refUnit":"kg"},"conversionFactor":1.0}]}