{"@type":"Flow","@id":"de505271-cd4f-35a7-b6a1-e1939c87d14c","name":"Acifluorfen, sodium salt","description":"From FedElemFlowList_1.0.3. Flow Class: Chemicals. Not a preferred flow.","category":"Elementary Flows/emission/water","version":"01.00.003","lastChange":"2020-05-01T22:03:35.897Z","flowType":"ELEMENTARY_FLOW","cas":"62476-59-9","formula":"C14H6ClF3NNaO5","isInfrastructureFlow":false,"flowProperties":[{"@type":"FlowPropertyFactor","isRefFlowProperty":true,"flowProperty":{"@type":"FlowProperty","@id":"93a60a56-a3c8-11da-a746-0800200b9a66","name":"Mass","category":"Technical flow properties","refUnit":"kg"},"conversionFactor":1.0}]}