{"@type":"Flow","@id":"df085ddd-2b1f-3485-a695-5ba54494c5c6","name":"Stannane, dichlorodiphenyl-","description":"From FedElemFlowList_1.0.3. Flow Class: Chemicals. Not a preferred flow.","category":"Elementary Flows/emission/ground/human-dominated/industrial","version":"01.00.003","lastChange":"2020-05-01T22:03:23.939Z","flowType":"ELEMENTARY_FLOW","cas":"1135-99-5","formula":"C12H10Cl2Sn","isInfrastructureFlow":false,"flowProperties":[{"@type":"FlowPropertyFactor","isRefFlowProperty":true,"flowProperty":{"@type":"FlowProperty","@id":"93a60a56-a3c8-11da-a746-0800200b9a66","name":"Mass","category":"Technical flow properties","refUnit":"kg"},"conversionFactor":1.0}]}