{"@type":"Flow","@id":"e2eb491c-78ff-3123-9e42-494c7d199b44","name":"Water","description":"From FedElemFlowList_1.0.3. Flow Class: Water. Not a preferred flow.","category":"Elementary Flows/resource/water","version":"01.00.003","lastChange":"2020-05-01T22:03:39.711Z","flowType":"ELEMENTARY_FLOW","cas":"7732190","formula":"H2O","isInfrastructureFlow":false,"flowProperties":[{"@type":"FlowPropertyFactor","flowProperty":{"@type":"FlowProperty","@id":"93a60a56-a3c8-22da-a746-0800200c9a66","name":"Volume","category":"Technical flow properties","refUnit":"m3"},"conversionFactor":0.001},{"@type":"FlowPropertyFactor","isRefFlowProperty":true,"flowProperty":{"@type":"FlowProperty","@id":"93a60a56-a3c8-11da-a746-0800200b9a66","name":"Mass","category":"Technical flow properties","refUnit":"kg"},"conversionFactor":1.0}]}