{"@type":"Flow","@id":"e4955526-0af2-3baf-8600-8c75589b5404","name":"2,2-Bis(bromomethyl)-1,3-propanediol","description":"From FedElemFlowList_1.0.3. Flow Class: Chemicals. Not a preferred flow.","category":"Elementary Flows/emission/air","version":"01.00.003","lastChange":"2020-05-01T22:03:16.961Z","flowType":"ELEMENTARY_FLOW","cas":"3296-90-0","formula":"C5H10Br2O2","isInfrastructureFlow":false,"flowProperties":[{"@type":"FlowPropertyFactor","isRefFlowProperty":true,"flowProperty":{"@type":"FlowProperty","@id":"93a60a56-a3c8-11da-a746-0800200b9a66","name":"Mass","category":"Technical flow properties","refUnit":"kg"},"conversionFactor":1.0}]}