{"@type":"Flow","@id":"e81f434c-218e-322e-9fad-e9971a1a70fc","name":"Penoxsulam","description":"From FedElemFlowList_1.0.2. Flow Class: Chemicals. Not a preferred flow.","category":"Elementary Flows/emission/water","version":"01.00.002","lastChange":"2020-07-01T17:51:15.554Z","flowType":"ELEMENTARY_FLOW","cas":"219714-96-2","formula":"C16H14F5N5O5S","isInfrastructureFlow":false,"flowProperties":[{"@type":"FlowPropertyFactor","isRefFlowProperty":true,"flowProperty":{"@type":"FlowProperty","@id":"93a60a56-a3c8-11da-a746-0800200b9a66","name":"Mass","category":"Technical flow properties","refUnit":"kg"},"conversionFactor":1.0}]}