{"@type":"Flow","@id":"e991f526-a95a-3c89-bee0-24d3a695f342","name":"Barium sulfate","description":"From FedElemFlowList_1.0.3. Flow Class: Chemicals. Not a preferred flow.","category":"Elementary Flows/resource/ground","version":"01.00.003","lastChange":"2020-05-01T22:03:39.104Z","flowType":"ELEMENTARY_FLOW","cas":"7727-43-7","formula":"BaO4S","isInfrastructureFlow":false,"flowProperties":[{"@type":"FlowPropertyFactor","isRefFlowProperty":true,"flowProperty":{"@type":"FlowProperty","@id":"93a60a56-a3c8-11da-a746-0800200b9a66","name":"Mass","category":"Technical flow properties","refUnit":"kg"},"conversionFactor":1.0}]}