{"@type":"Flow","@id":"e9e20c7e-1d98-346f-ac9f-465f28f620c4","name":"7H-Dibenzo[c,g]carbazole","description":"From FedElemFlowList_1.0.2. Flow Class: Chemicals. Not a preferred flow.","category":"Elementary Flows/emission/air","version":"01.00.002","lastChange":"2020-07-01T17:50:23.009Z","flowType":"ELEMENTARY_FLOW","cas":"194-59-2","formula":"C20H13N","isInfrastructureFlow":false,"flowProperties":[{"@type":"FlowPropertyFactor","isRefFlowProperty":true,"flowProperty":{"@type":"FlowProperty","@id":"93a60a56-a3c8-11da-a746-0800200b9a66","name":"Mass","category":"Technical flow properties","refUnit":"kg"},"conversionFactor":1.0}]}