{"@type":"Flow","@id":"eb0417de-fb43-36b3-a24d-3b49f341edd2","name":"Pyraflufen-ethyl","description":"From FedElemFlowList_1.0.3. Flow Class: Chemicals. Not a preferred flow.","category":"Elementary Flows/emission/air","version":"01.00.003","lastChange":"2020-05-01T22:03:15.307Z","flowType":"ELEMENTARY_FLOW","cas":"129630-19-9","formula":"C15H13Cl2F3N2O4","isInfrastructureFlow":false,"flowProperties":[{"@type":"FlowPropertyFactor","isRefFlowProperty":true,"flowProperty":{"@type":"FlowProperty","@id":"93a60a56-a3c8-11da-a746-0800200b9a66","name":"Mass","category":"Technical flow properties","refUnit":"kg"},"conversionFactor":1.0}]}