{"@type":"Flow","@id":"eb7eba2b-7b6f-37a2-8aa1-ae0ec89db7ca","name":"Methyl iodide","description":"From FedElemFlowList_1.0.3. Flow Class: Chemicals. Not a preferred flow.","category":"Elementary Flows/emission/air","version":"01.00.003","lastChange":"2020-05-01T22:03:21.661Z","flowType":"ELEMENTARY_FLOW","cas":"74-88-4","formula":"CH3I","isInfrastructureFlow":false,"flowProperties":[{"@type":"FlowPropertyFactor","isRefFlowProperty":true,"flowProperty":{"@type":"FlowProperty","@id":"93a60a56-a3c8-11da-a746-0800200b9a66","name":"Mass","category":"Technical flow properties","refUnit":"kg"},"conversionFactor":1.0}]}