{"@type":"Flow","@id":"eb9c0469-79cd-36c4-b2d6-0d615c6bde4a","name":"Flonicamid","description":"From FedElemFlowList_1.0.2. Flow Class: Chemicals. Not a preferred flow.","category":"Elementary Flows/emission/water","version":"01.00.002","lastChange":"2020-07-01T17:51:13.958Z","flowType":"ELEMENTARY_FLOW","cas":"158062-67-0","formula":"C9H6F3N3O","isInfrastructureFlow":false,"flowProperties":[{"@type":"FlowPropertyFactor","isRefFlowProperty":true,"flowProperty":{"@type":"FlowProperty","@id":"93a60a56-a3c8-11da-a746-0800200b9a66","name":"Mass","category":"Technical flow properties","refUnit":"kg"},"conversionFactor":1.0}]}