{"@type":"Flow","@id":"efd64017-ff6e-3c09-945d-623965d648fc","name":"Propylene oxide","description":"From FedElemFlowList_1.0.3. Flow Class: Chemicals. Not a preferred flow.","category":"Elementary Flows/emission/water","version":"01.00.003","lastChange":"2020-05-01T22:03:36.571Z","flowType":"ELEMENTARY_FLOW","cas":"75-56-9","formula":"C3H6O","isInfrastructureFlow":false,"flowProperties":[{"@type":"FlowPropertyFactor","isRefFlowProperty":true,"flowProperty":{"@type":"FlowProperty","@id":"93a60a56-a3c8-11da-a746-0800200b9a66","name":"Mass","category":"Technical flow properties","refUnit":"kg"},"conversionFactor":1.0}]}