{"@type":"Flow","@id":"f0be756c-84f1-3fc7-ae6e-58825875032c","name":"Tetrabromobisphenol A","description":"From FedElemFlowList_1.0.3. Flow Class: Chemicals. Not a preferred flow.","category":"Elementary Flows/emission/air","version":"01.00.003","lastChange":"2020-05-01T22:03:20.222Z","flowType":"ELEMENTARY_FLOW","cas":"79-94-7","formula":"C15H12Br4O2","isInfrastructureFlow":false,"flowProperties":[{"@type":"FlowPropertyFactor","isRefFlowProperty":true,"flowProperty":{"@type":"FlowProperty","@id":"93a60a56-a3c8-11da-a746-0800200b9a66","name":"Mass","category":"Technical flow properties","refUnit":"kg"},"conversionFactor":1.0}]}