{"@type":"Flow","@id":"f1412fa3-16ec-3160-a99a-46ea2a866e74","name":"Fluometuron","description":"From FedElemFlowList_1.0.3. Flow Class: Chemicals. Not a preferred flow.","category":"Elementary Flows/emission/water","version":"01.00.003","lastChange":"2020-05-01T22:03:34.258Z","flowType":"ELEMENTARY_FLOW","cas":"2164-17-2","formula":"C10H11F3N2O","isInfrastructureFlow":false,"flowProperties":[{"@type":"FlowPropertyFactor","isRefFlowProperty":true,"flowProperty":{"@type":"FlowProperty","@id":"93a60a56-a3c8-11da-a746-0800200b9a66","name":"Mass","category":"Technical flow properties","refUnit":"kg"},"conversionFactor":1.0}]}