{"@type":"Flow","@id":"f29b923f-6df9-39d0-a4eb-63528906783a","name":"Tetrachlorvinphos","description":"From FedElemFlowList_1.0.3. Flow Class: Groups. Not a preferred flow.","category":"Elementary Flows/emission/air","version":"01.00.003","lastChange":"2020-05-01T22:03:39.487Z","flowType":"ELEMENTARY_FLOW","cas":"961-11-5","formula":"C10H9Cl4O4P","isInfrastructureFlow":false,"flowProperties":[{"@type":"FlowPropertyFactor","isRefFlowProperty":true,"flowProperty":{"@type":"FlowProperty","@id":"93a60a56-a3c8-11da-a746-0800200b9a66","name":"Mass","category":"Technical flow properties","refUnit":"kg"},"conversionFactor":1.0}]}