{"@type":"Flow","@id":"f3ff0672-a609-3308-bb78-0426649b2120","name":"(S)-Furaltadone hydrochloride","description":"From FedElemFlowList_1.0.3. Flow Class: Chemicals. Not a preferred flow.","category":"Elementary Flows/emission/water/saline water body/ocean","version":"01.00.003","lastChange":"2020-05-01T22:03:31.395Z","flowType":"ELEMENTARY_FLOW","cas":"3031-51-4","formula":"C13H17ClN4O6","isInfrastructureFlow":false,"flowProperties":[{"@type":"FlowPropertyFactor","isRefFlowProperty":true,"flowProperty":{"@type":"FlowProperty","@id":"93a60a56-a3c8-11da-a746-0800200b9a66","name":"Mass","category":"Technical flow properties","refUnit":"kg"},"conversionFactor":1.0}]}