{"@type":"Flow","@id":"f4d33a6b-347e-3057-89b1-a7b8ecf1030e","name":"Dichlorobromomethane","description":"From FedElemFlowList_1.0.3. Flow Class: Chemicals. Not a preferred flow.","category":"Elementary Flows/emission/water","version":"01.00.003","lastChange":"2020-05-01T22:03:36.541Z","flowType":"ELEMENTARY_FLOW","cas":"75-27-4","formula":"CHBrCl2","isInfrastructureFlow":false,"flowProperties":[{"@type":"FlowPropertyFactor","isRefFlowProperty":true,"flowProperty":{"@type":"FlowProperty","@id":"93a60a56-a3c8-11da-a746-0800200b9a66","name":"Mass","category":"Technical flow properties","refUnit":"kg"},"conversionFactor":1.0}]}