{"@type":"Flow","@id":"f6af02d7-eea6-389a-ae1a-a3b781bac7c6","name":"Benzaldehyde, 3-nitro-","description":"From FedElemFlowList_1.0.3. Flow Class: Chemicals. Not a preferred flow.","category":"Elementary Flows/emission/water/fresh water body/river","version":"01.00.003","lastChange":"2020-05-01T22:03:37.757Z","flowType":"ELEMENTARY_FLOW","cas":"99-61-6","formula":"C7H5NO3","isInfrastructureFlow":false,"flowProperties":[{"@type":"FlowPropertyFactor","isRefFlowProperty":true,"flowProperty":{"@type":"FlowProperty","@id":"93a60a56-a3c8-11da-a746-0800200b9a66","name":"Mass","category":"Technical flow properties","refUnit":"kg"},"conversionFactor":1.0}]}