{"@type":"Flow","@id":"f7005ea1-d3f3-3df4-a992-60bfed8f12a8","name":"Terbacil","description":"From FedElemFlowList_1.0.3. Flow Class: Chemicals. Not a preferred flow.","category":"Elementary Flows/emission/water","version":"01.00.003","lastChange":"2020-05-01T22:03:35.603Z","flowType":"ELEMENTARY_FLOW","cas":"5902-51-2","formula":"C9H13ClN2O2","isInfrastructureFlow":false,"flowProperties":[{"@type":"FlowPropertyFactor","isRefFlowProperty":true,"flowProperty":{"@type":"FlowProperty","@id":"93a60a56-a3c8-11da-a746-0800200b9a66","name":"Mass","category":"Technical flow properties","refUnit":"kg"},"conversionFactor":1.0}]}