{"@type":"Flow","@id":"f7d56d30-81d6-35dd-bad1-9f405ea7bd8f","name":"Potassium N-methyldithiocarbamate","description":"From FedElemFlowList_1.0.3. Flow Class: Chemicals. Not a preferred flow.","category":"Elementary Flows/emission/air","version":"01.00.003","lastChange":"2020-05-01T22:03:15.482Z","flowType":"ELEMENTARY_FLOW","cas":"137-41-7","formula":"C2H4KNS2","isInfrastructureFlow":false,"flowProperties":[{"@type":"FlowPropertyFactor","isRefFlowProperty":true,"flowProperty":{"@type":"FlowProperty","@id":"93a60a56-a3c8-11da-a746-0800200b9a66","name":"Mass","category":"Technical flow properties","refUnit":"kg"},"conversionFactor":1.0}]}