{"@type":"Flow","@id":"fe676e41-1df5-3f0f-9006-ca7e0ab442db","name":"Air","description":"From FedElemFlowList_1.0.3. Flow Class: Chemicals. Not a preferred flow.","category":"Elementary Flows/resource/air","version":"01.00.003","lastChange":"2020-05-01T22:03:39.126Z","flowType":"ELEMENTARY_FLOW","cas":"132259-10-0","formula":"-","isInfrastructureFlow":false,"flowProperties":[{"@type":"FlowPropertyFactor","isRefFlowProperty":true,"flowProperty":{"@type":"FlowProperty","@id":"93a60a56-a3c8-11da-a746-0800200b9a66","name":"Mass","category":"Technical flow properties","refUnit":"kg"},"conversionFactor":1.0}]}